fake_data,real_data,dates,,Grand Total
01/03/10,3-Jan-10,3-Jan-10,Zondag,3589
01/04/10,4-Jan-10,4-Jan-10,Maandag,3876
01/05/10,5-Jan-10,5-Jan-10,Dinsdag,3631
01/06/10,6-Jan-10,6-Jan-10,Woensdag,3018
01/07/10,7-Jan-10,7-Jan-10,Donderdag,2845
01/08/10,8-Jan-10,8-Jan-10,Vrijdag,3495
01/10/10,9-Jan-10,10-Jan-10,Zondag,2875
01/11/10,10-Jan-10,11-Jan-10,Maandag,3031
01/12/10,11-Jan-10,12-Jan-10,Dinsdag,3003
01/13/10,12-Jan-10,13-Jan-10,Woensdag,2643
01/14/10,13-Jan-10,14-Jan-10,Donderdag,3150
01/15/10,14-Jan-10,15-Jan-10,Vrijdag,3121
01/17/10,15-Jan-10,17-Jan-10,Zondag,2349
01/18/10,16-Jan-10,18-Jan-10,Maandag,2632
01/19/10,17-Jan-10,19-Jan-10,Dinsdag,2705
01/20/10,18-Jan-10,20-Jan-10,Woensdag,3130
01/21/10,19-Jan-10,21-Jan-10,Donderdag,2487
01/22/10,20-Jan-10,22-Jan-10,Vrijdag,2813
01/24/10,21-Jan-10,24-Jan-10,Zondag,2352
01/25/10,22-Jan-10,25-Jan-10,Maandag,2646
01/26/10,23-Jan-10,26-Jan-10,Dinsdag,2532
01/27/10,24-Jan-10,27-Jan-10,Woensdag,3751
01/28/10,25-Jan-10,28-Jan-10,Donderdag,2662
01/29/10,26-Jan-10,29-Jan-10,Vrijdag,2973
01/31/10,27-Jan-10,31-Jan-10,Zondag,2352
02/01/10,28-Jan-10,1-Feb-10,Maandag,2668
02/02/10,29-Jan-10,2-Feb-10,Dinsdag,3316
02/03/10,30-Jan-10,3-Feb-10,Woensdag,3078
02/04/10,31-Jan-10,4-Feb-10,Donderdag,2801
02/05/10,1-Feb-10,5-Feb-10,Vrijdag,2815
02/07/10,2-Feb-10,7-Feb-10,Zondag,2214
02/08/10,3-Feb-10,8-Feb-10,Maandag,2932
02/09/10,4-Feb-10,9-Feb-10,Dinsdag,3116
02/10/10,5-Feb-10,10-Feb-10,Woensdag,3761
02/11/10,6-Feb-10,11-Feb-10,Donderdag,3626
02/12/10,7-Feb-10,12-Feb-10,Vrijdag,7050
02/14/10,8-Feb-10,14-Feb-10,Zondag,2367
02/15/10,9-Feb-10,15-Feb-10,Maandag,2793
02/16/10,10-Feb-10,16-Feb-10,Dinsdag,2709
02/17/10,11-Feb-10,17-Feb-10,Woensdag,2816
02/18/10,12-Feb-10,18-Feb-10,Donderdag,3533
02/19/10,13-Feb-10,19-Feb-10,Vrijdag,2925
02/21/10,14-Feb-10,21-Feb-10,Zondag,2267
02/22/10,15-Feb-10,22-Feb-10,Maandag,3359
02/23/10,16-Feb-10,23-Feb-10,Dinsdag,2560
02/24/10,17-Feb-10,24-Feb-10,Woensdag,2644
02/25/10,18-Feb-10,25-Feb-10,Donderdag,3036
02/26/10,19-Feb-10,26-Feb-10,Vrijdag,5201
02/28/10,20-Feb-10,28-Feb-10,Zondag,3287
03/01/10,21-Feb-10,1-Mar-10,Maandag,3403
03/02/10,22-Feb-10,2-Mar-10,Dinsdag,2992
03/03/10,23-Feb-10,3-Mar-10,Woensdag,3422
03/04/10,24-Feb-10,4-Mar-10,Donderdag,2725
03/05/10,25-Feb-10,5-Mar-10,Vrijdag,3541
03/07/10,26-Feb-10,7-Mar-10,Zondag,2008
03/08/10,27-Feb-10,8-Mar-10,Maandag,3002
03/09/10,28-Feb-10,9-Mar-10,Dinsdag,2576
03/10/10,1-Mar-10,10-Mar-10,Woensdag,2776
03/11/10,2-Mar-10,11-Mar-10,Donderdag,2747
03/12/10,3-Mar-10,12-Mar-10,Vrijdag,3029
03/14/10,4-Mar-10,14-Mar-10,Zondag,2557
03/15/10,5-Mar-10,15-Mar-10,Maandag,3655
03/16/10,6-Mar-10,16-Mar-10,Dinsdag,2377
03/17/10,7-Mar-10,17-Mar-10,Woensdag,2325
03/18/10,8-Mar-10,18-Mar-10,Donderdag,2285
03/19/10,9-Mar-10,19-Mar-10,Vrijdag,3603
03/21/10,10-Mar-10,21-Mar-10,Zondag,2151
03/22/10,11-Mar-10,22-Mar-10,Maandag,2588
03/23/10,12-Mar-10,23-Mar-10,Dinsdag,2606
03/24/10,13-Mar-10,24-Mar-10,Woensdag,2403
03/25/10,14-Mar-10,25-Mar-10,Donderdag,2273
03/26/10,15-Mar-10,26-Mar-10,Vrijdag,2811
03/28/10,16-Mar-10,28-Mar-10,Zondag,1977
03/29/10,17-Mar-10,29-Mar-10,Maandag,3490
03/30/10,18-Mar-10,30-Mar-10,Dinsdag,3919
03/31/10,19-Mar-10,31-Mar-10,Woensdag,3869
04/01/10,20-Mar-10,1-Apr-10,Donderdag,3293
04/02/10,21-Mar-10,2-Apr-10,Vrijdag,5894
04/05/10,22-Mar-10,5-Apr-10,Maandag,367
04/06/10,23-Mar-10,6-Apr-10,Dinsdag,2686
04/07/10,24-Mar-10,7-Apr-10,Woensdag,2483
04/08/10,25-Mar-10,8-Apr-10,Donderdag,2897
04/09/10,26-Mar-10,9-Apr-10,Vrijdag,2749
04/11/10,27-Mar-10,11-Apr-10,Zondag,2510
04/12/10,28-Mar-10,12-Apr-10,Maandag,2803
04/13/10,29-Mar-10,13-Apr-10,Dinsdag,2426
04/14/10,30-Mar-10,14-Apr-10,Woensdag,2701
04/15/10,31-Mar-10,15-Apr-10,Donderdag,2265
04/16/10,1-Apr-10,16-Apr-10,Vrijdag,3570
04/18/10,2-Apr-10,18-Apr-10,Zondag,1511
04/19/10,3-Apr-10,19-Apr-10,Maandag,3710
04/20/10,4-Apr-10,20-Apr-10,Dinsdag,3401
04/21/10,5-Apr-10,21-Apr-10,Woensdag,3293
04/22/10,6-Apr-10,22-Apr-10,Donderdag,3022
04/23/10,7-Apr-10,23-Apr-10,Vrijdag,3121
04/25/10,8-Apr-10,25-Apr-10,Zondag,1729
04/26/10,9-Apr-10,26-Apr-10,Maandag,3022
04/27/10,10-Apr-10,27-Apr-10,Dinsdag,3168
04/28/10,11-Apr-10,28-Apr-10,Woensdag,3113
04/29/10,12-Apr-10,29-Apr-10,Donderdag,2364
05/02/10,13-Apr-10,2-May-10,Zondag,2378
05/03/10,14-Apr-10,3-May-10,Maandag,4482
05/04/10,15-Apr-10,4-May-10,Dinsdag,3579
05/06/10,16-Apr-10,6-May-10,Donderdag,4997
05/07/10,17-Apr-10,7-May-10,Vrijdag,10077
05/09/10,18-Apr-10,9-May-10,Zondag,2198
05/10/10,19-Apr-10,10-May-10,Maandag,4290
05/11/10,20-Apr-10,11-May-10,Dinsdag,5678
05/12/10,21-Apr-10,12-May-10,Woensdag,2786
05/14/10,22-Apr-10,14-May-10,Vrijdag,2738
05/16/10,23-Apr-10,16-May-10,Zondag,2075
05/17/10,24-Apr-10,17-May-10,Maandag,3037
05/18/10,25-Apr-10,18-May-10,Dinsdag,2777
05/19/10,26-Apr-10,19-May-10,Woensdag,2747
05/20/10,27-Apr-10,20-May-10,Donderdag,2908
05/21/10,28-Apr-10,21-May-10,Vrijdag,3986
05/24/10,29-Apr-10,24-May-10,Maandag,500
05/25/10,30-Apr-10,25-May-10,Dinsdag,3030
05/26/10,1-May-10,26-May-10,Woensdag,3505
05/27/10,2-May-10,27-May-10,Donderdag,6432
05/28/10,3-May-10,28-May-10,Vrijdag,3622
05/30/10,4-May-10,30-May-10,Zondag,2738
05/31/10,5-May-10,31-May-10,Maandag,3583
06/01/10,6-May-10,1-Jun-10,Dinsdag,2794
06/02/10,7-May-10,2-Jun-10,Woensdag,2521
06/03/10,8-May-10,3-Jun-10,Donderdag,3025
06/04/10,9-May-10,4-Jun-10,Vrijdag,3156
06/06/10,10-May-10,6-Jun-10,Zondag,1985
06/07/10,11-May-10,7-Jun-10,Maandag,3863
06/08/10,12-May-10,8-Jun-10,Dinsdag,2903
06/09/10,13-May-10,9-Jun-10,Woensdag,3010
06/10/10,14-May-10,10-Jun-10,Donderdag,2852
06/11/10,15-May-10,11-Jun-10,Vrijdag,3832
06/13/10,16-May-10,13-Jun-10,Zondag,2262
06/14/10,17-May-10,14-Jun-10,Maandag,3032
06/15/10,18-May-10,15-Jun-10,Dinsdag,3063
06/16/10,19-May-10,16-Jun-10,Woensdag,3943
06/17/10,20-May-10,17-Jun-10,Donderdag,4883
06/18/10,21-May-10,18-Jun-10,Vrijdag,8078
06/20/10,22-May-10,20-Jun-10,Zondag,3109
06/21/10,23-May-10,21-Jun-10,Maandag,3822
06/22/10,24-May-10,22-Jun-10,Dinsdag,3325
06/23/10,25-May-10,23-Jun-10,Woensdag,3294
06/24/10,26-May-10,24-Jun-10,Donderdag,3157
06/25/10,27-May-10,25-Jun-10,Vrijdag,3295
06/27/10,28-May-10,27-Jun-10,Zondag,1869
06/28/10,29-May-10,28-Jun-10,Maandag,2962
06/29/10,30-May-10,29-Jun-10,Dinsdag,5128
06/30/10,31-May-10,30-Jun-10,Woensdag,4786
07/01/10,1-Jun-10,1-Jul-10,Donderdag,4314
07/02/10,2-Jun-10,2-Jul-10,Vrijdag,3665
07/04/10,3-Jun-10,4-Jul-10,Zondag,2258
07/05/10,4-Jun-10,5-Jul-10,Maandag,3796
07/06/10,5-Jun-10,6-Jul-10,Dinsdag,3610
07/07/10,6-Jun-10,7-Jul-10,Woensdag,2802
07/08/10,7-Jun-10,8-Jul-10,Donderdag,2900
07/09/10,8-Jun-10,9-Jul-10,Vrijdag,3406
07/11/10,9-Jun-10,11-Jul-10,Zondag,1960
07/12/10,10-Jun-10,12-Jul-10,Maandag,3236
07/13/10,11-Jun-10,13-Jul-10,Dinsdag,3036
07/14/10,12-Jun-10,14-Jul-10,Woensdag,3632
07/15/10,13-Jun-10,15-Jul-10,Donderdag,3253
07/16/10,14-Jun-10,16-Jul-10,Vrijdag,3459
07/18/10,15-Jun-10,18-Jul-10,Zondag,1756
07/19/10,16-Jun-10,19-Jul-10,Maandag,3051
07/20/10,17-Jun-10,20-Jul-10,Dinsdag,2609
07/21/10,18-Jun-10,21-Jul-10,Woensdag,3211
07/22/10,19-Jun-10,22-Jul-10,Donderdag,3003
07/23/10,20-Jun-10,23-Jul-10,Vrijdag,3570
07/25/10,21-Jun-10,25-Jul-10,Zondag,3189
07/26/10,22-Jun-10,26-Jul-10,Maandag,3952
07/27/10,23-Jun-10,27-Jul-10,Dinsdag,3519
07/28/10,24-Jun-10,28-Jul-10,Woensdag,3573
07/29/10,25-Jun-10,29-Jul-10,Donderdag,3251
07/30/10,26-Jun-10,30-Jul-10,Vrijdag,3457
08/01/10,27-Jun-10,1-Aug-10,Zondag,2443
08/02/10,28-Jun-10,2-Aug-10,Maandag,3338
08/03/10,29-Jun-10,3-Aug-10,Dinsdag,2889
08/04/10,30-Jun-10,4-Aug-10,Woensdag,3268
08/05/10,1-Jul-10,5-Aug-10,Donderdag,2926
08/06/10,2-Jul-10,6-Aug-10,Vrijdag,3245
08/08/10,3-Jul-10,8-Aug-10,Zondag,2507
08/09/10,4-Jul-10,9-Aug-10,Maandag,2856
08/10/10,5-Jul-10,10-Aug-10,Dinsdag,3193
08/11/10,6-Jul-10,11-Aug-10,Woensdag,3872
08/12/10,7-Jul-10,12-Aug-10,Donderdag,3534
08/13/10,8-Jul-10,13-Aug-10,Vrijdag,4125
08/15/10,9-Jul-10,15-Aug-10,Zondag,3008
08/16/10,10-Jul-10,16-Aug-10,Maandag,3765
08/17/10,11-Jul-10,17-Aug-10,Dinsdag,3575
08/18/10,12-Jul-10,18-Aug-10,Woensdag,3635
08/19/10,13-Jul-10,19-Aug-10,Donderdag,4724
08/20/10,14-Jul-10,20-Aug-10,Vrijdag,3538
08/22/10,15-Jul-10,22-Aug-10,Zondag,3092
08/23/10,16-Jul-10,23-Aug-10,Maandag,3977
08/24/10,17-Jul-10,24-Aug-10,Dinsdag,3595
08/25/10,18-Jul-10,25-Aug-10,Woensdag,3839
08/26/10,19-Jul-10,26-Aug-10,Donderdag,4922
08/27/10,20-Jul-10,27-Aug-10,Vrijdag,5054
08/29/10,21-Jul-10,29-Aug-10,Zondag,3127
08/30/10,22-Jul-10,30-Aug-10,Maandag,4556
08/31/10,23-Jul-10,31-Aug-10,Dinsdag,3855
09/01/10,24-Jul-10,1-Sep-10,Woensdag,3791
09/02/10,25-Jul-10,2-Sep-10,Donderdag,3628
09/03/10,26-Jul-10,3-Sep-10,Vrijdag,3624
09/05/10,27-Jul-10,5-Sep-10,Zondag,2241
09/06/10,28-Jul-10,6-Sep-10,Maandag,4842
09/07/10,29-Jul-10,7-Sep-10,Dinsdag,4633
09/08/10,30-Jul-10,8-Sep-10,Woensdag,4637
09/09/10,31-Jul-10,9-Sep-10,Donderdag,3637
09/10/10,1-Aug-10,10-Sep-10,Vrijdag,4379
09/12/10,2-Aug-10,12-Sep-10,Zondag,2746
09/13/10,3-Aug-10,13-Sep-10,Maandag,4168
09/14/10,4-Aug-10,14-Sep-10,Dinsdag,3626
09/15/10,5-Aug-10,15-Sep-10,Woensdag,4167
09/16/10,6-Aug-10,16-Sep-10,Donderdag,4124
09/17/10,7-Aug-10,17-Sep-10,Vrijdag,4456
09/19/10,8-Aug-10,19-Sep-10,Zondag,2801
09/20/10,9-Aug-10,20-Sep-10,Maandag,4042
09/21/10,10-Aug-10,21-Sep-10,Dinsdag,3538
09/22/10,11-Aug-10,22-Sep-10,Woensdag,3563
09/23/10,12-Aug-10,23-Sep-10,Donderdag,3972
09/24/10,13-Aug-10,24-Sep-10,Vrijdag,4946
09/26/10,14-Aug-10,26-Sep-10,Zondag,2716
09/27/10,15-Aug-10,27-Sep-10,Maandag,4701
09/28/10,16-Aug-10,28-Sep-10,Dinsdag,4027
09/29/10,17-Aug-10,29-Sep-10,Woensdag,4123
09/30/10,18-Aug-10,30-Sep-10,Donderdag,5068
10/01/10,19-Aug-10,1-Oct-10,Vrijdag,5055
10/03/10,20-Aug-10,3-Oct-10,Zondag,2829
10/04/10,21-Aug-10,4-Oct-10,Maandag,3873
10/05/10,22-Aug-10,5-Oct-10,Dinsdag,3219
10/06/10,23-Aug-10,6-Oct-10,Woensdag,4171
10/07/10,24-Aug-10,7-Oct-10,Donderdag,3480
10/08/10,25-Aug-10,8-Oct-10,Vrijdag,3975
10/10/10,26-Aug-10,10-Oct-10,Zondag,2543
10/11/10,27-Aug-10,11-Oct-10,Maandag,3680
10/12/10,28-Aug-10,12-Oct-10,Dinsdag,4458
10/13/10,29-Aug-10,13-Oct-10,Woensdag,4025
10/14/10,30-Aug-10,14-Oct-10,Donderdag,4286
10/15/10,31-Aug-10,15-Oct-10,Vrijdag,5236
10/17/10,1-Sep-10,17-Oct-10,Zondag,2828
10/18/10,2-Sep-10,18-Oct-10,Maandag,3941
10/19/10,3-Sep-10,19-Oct-10,Dinsdag,3674
10/20/10,4-Sep-10,20-Oct-10,Woensdag,3675
10/21/10,5-Sep-10,21-Oct-10,Donderdag,3591
10/22/10,6-Sep-10,22-Oct-10,Vrijdag,4131
10/24/10,7-Sep-10,24-Oct-10,Zondag,2782
10/25/10,8-Sep-10,25-Oct-10,Maandag,3793
10/26/10,9-Sep-10,26-Oct-10,Dinsdag,4026
10/27/10,10-Sep-10,27-Oct-10,Woensdag,4266
10/28/10,11-Sep-10,28-Oct-10,Donderdag,4792
10/29/10,12-Sep-10,29-Oct-10,Vrijdag,4581
10/31/10,13-Sep-10,31-Oct-10,Zondag,3365
11/01/10,14-Sep-10,1-Nov-10,Maandag,4627
11/02/10,15-Sep-10,2-Nov-10,Dinsdag,4353
11/03/10,16-Sep-10,3-Nov-10,Woensdag,4324
11/04/10,17-Sep-10,4-Nov-10,Donderdag,3931
11/05/10,18-Sep-10,5-Nov-10,Vrijdag,4846
11/07/10,19-Sep-10,7-Nov-10,Zondag,2863
11/08/10,20-Sep-10,8-Nov-10,Maandag,4544
11/09/10,21-Sep-10,9-Nov-10,Dinsdag,4575
11/10/10,22-Sep-10,10-Nov-10,Woensdag,4420
11/11/10,23-Sep-10,11-Nov-10,Donderdag,3920
11/12/10,24-Sep-10,12-Nov-10,Vrijdag,5814
11/14/10,25-Sep-10,14-Nov-10,Zondag,3835
11/15/10,26-Sep-10,15-Nov-10,Maandag,3483
11/16/10,27-Sep-10,16-Nov-10,Dinsdag,3556
11/17/10,28-Sep-10,17-Nov-10,Woensdag,4194
11/18/10,29-Sep-10,18-Nov-10,Donderdag,4632
11/19/10,30-Sep-10,19-Nov-10,Vrijdag,4254
11/21/10,1-Oct-10,21-Nov-10,Zondag,2695
11/22/10,2-Oct-10,22-Nov-10,Maandag,4717
11/23/10,3-Oct-10,23-Nov-10,Dinsdag,4669
11/24/10,4-Oct-10,24-Nov-10,Woensdag,3237
11/25/10,5-Oct-10,25-Nov-10,Donderdag,3043
11/26/10,6-Oct-10,26-Nov-10,Vrijdag,3953
11/28/10,7-Oct-10,28-Nov-10,Zondag,3073
11/29/10,8-Oct-10,29-Nov-10,Maandag,4680
11/30/10,9-Oct-10,30-Nov-10,Dinsdag,7275
12/01/10,10-Oct-10,1-Dec-10,Woensdag,5037
12/02/10,11-Oct-10,2-Dec-10,Donderdag,4385
12/03/10,12-Oct-10,3-Dec-10,Vrijdag,5946
12/05/10,13-Oct-10,5-Dec-10,Zondag,4940
12/06/10,14-Oct-10,6-Dec-10,Maandag,6173
12/07/10,15-Oct-10,7-Dec-10,Dinsdag,7311
12/08/10,16-Oct-10,8-Dec-10,Woensdag,6859
12/09/10,17-Oct-10,9-Dec-10,Donderdag,6757
12/10/10,18-Oct-10,10-Dec-10,Vrijdag,8858
12/12/10,19-Oct-10,12-Dec-10,Zondag,10886
12/13/10,20-Oct-10,13-Dec-10,Maandag,12523
12/14/10,21-Oct-10,14-Dec-10,Dinsdag,11975
12/15/10,22-Oct-10,15-Dec-10,Woensdag,14078
12/16/10,23-Oct-10,16-Dec-10,Donderdag,14814
12/17/10,24-Oct-10,17-Dec-10,Vrijdag,17856
12/19/10,25-Oct-10,19-Dec-10,Zondag,25256
12/20/10,26-Oct-10,20-Dec-10,Maandag,23361
12/21/10,27-Oct-10,21-Dec-10,Dinsdag,20453
12/22/10,28-Oct-10,22-Dec-10,Woensdag,20008
12/23/10,29-Oct-10,23-Dec-10,Donderdag,13907
12/24/10,30-Oct-10,24-Dec-10,Vrijdag,5807
12/26/10,31-Oct-10,26-Dec-10,Zondag,1
12/27/10,1-Nov-10,27-Dec-10,Maandag,6349
12/28/10,2-Nov-10,28-Dec-10,Dinsdag,7614
12/29/10,3-Nov-10,29-Dec-10,Woensdag,8389
12/30/10,4-Nov-10,30-Dec-10,Donderdag,6849
12/31/10,5-Nov-10,31-Dec-10,Vrijdag,3223
01/02/11,6-Nov-10,2-Jan-11,Zondag,4418
01/03/11,7-Nov-10,3-Jan-11,Maandag,4933
01/04/11,8-Nov-10,4-Jan-11,Dinsdag,4720
01/05/11,9-Nov-10,5-Jan-11,Woensdag,4329
01/06/11,10-Nov-10,6-Jan-11,Donderdag,5323
01/07/11,11-Nov-10,7-Jan-11,Vrijdag,4603
01/09/11,12-Nov-10,9-Jan-11,Zondag,3137
01/10/11,13-Nov-10,10-Jan-11,Maandag,4643
01/11/11,14-Nov-10,11-Jan-11,Dinsdag,4487
01/12/11,15-Nov-10,12-Jan-11,Woensdag,4382
01/13/11,16-Nov-10,13-Jan-11,Donderdag,4075
01/14/11,17-Nov-10,14-Jan-11,Vrijdag,4809
01/16/11,18-Nov-10,16-Jan-11,Zondag,3120
01/17/11,19-Nov-10,17-Jan-11,Maandag,4261
01/18/11,20-Nov-10,18-Jan-11,Dinsdag,4272
01/19/11,21-Nov-10,19-Jan-11,Woensdag,3889
01/20/11,22-Nov-10,20-Jan-11,Donderdag,4085
01/21/11,23-Nov-10,21-Jan-11,Vrijdag,4975
01/23/11,24-Nov-10,23-Jan-11,Zondag,3430
01/24/11,25-Nov-10,24-Jan-11,Maandag,4551
01/25/11,26-Nov-10,25-Jan-11,Dinsdag,4761
01/26/11,27-Nov-10,26-Jan-11,Woensdag,4146
01/27/11,28-Nov-10,27-Jan-11,Donderdag,4252
01/28/11,29-Nov-10,28-Jan-11,Vrijdag,4461
01/30/11,30-Nov-10,30-Jan-11,Zondag,2989
01/31/11,1-Dec-10,31-Jan-11,Maandag,5468
02/01/11,2-Dec-10,1-Feb-11,Dinsdag,4927
02/02/11,3-Dec-10,2-Feb-11,Woensdag,4049
02/03/11,4-Dec-10,3-Feb-11,Donderdag,4556
02/04/11,5-Dec-10,4-Feb-11,Vrijdag,5821
02/06/11,6-Dec-10,6-Feb-11,Zondag,3349
02/07/11,7-Dec-10,7-Feb-11,Maandag,5055
02/08/11,8-Dec-10,8-Feb-11,Dinsdag,4857
02/09/11,9-Dec-10,9-Feb-11,Woensdag,5498
02/10/11,10-Dec-10,10-Feb-11,Donderdag,6793
02/11/11,11-Dec-10,11-Feb-11,Vrijdag,12599
02/13/11,12-Dec-10,13-Feb-11,Zondag,18243
02/14/11,13-Dec-10,14-Feb-11,Maandag,7254
02/15/11,14-Dec-10,15-Feb-11,Dinsdag,5432
02/16/11,15-Dec-10,16-Feb-11,Woensdag,5002
02/17/11,16-Dec-10,17-Feb-11,Donderdag,5150
02/18/11,17-Dec-10,18-Feb-11,Vrijdag,5638
02/20/11,18-Dec-10,20-Feb-11,Zondag,3808
02/21/11,19-Dec-10,21-Feb-11,Maandag,4927
02/22/11,20-Dec-10,22-Feb-11,Dinsdag,7668
02/23/11,21-Dec-10,23-Feb-11,Woensdag,5813
02/24/11,22-Dec-10,24-Feb-11,Donderdag,5333
02/25/11,23-Dec-10,25-Feb-11,Vrijdag,5908
02/27/11,24-Dec-10,27-Feb-11,Zondag,4927
02/28/11,25-Dec-10,28-Feb-11,Maandag,5729
03/01/11,26-Dec-10,1-Mar-11,Dinsdag,4610
03/02/11,27-Dec-10,2-Mar-11,Woensdag,4907
03/03/11,28-Dec-10,3-Mar-11,Donderdag,4351
03/04/11,29-Dec-10,4-Mar-11,Vrijdag,5415
03/06/11,30-Dec-10,6-Mar-11,Zondag,2866
03/07/11,31-Dec-10,7-Mar-11,Maandag,4462
03/08/11,1-Jan-11,8-Mar-11,Dinsdag,3965
03/09/11,2-Jan-11,9-Mar-11,Woensdag,4637
03/10/11,3-Jan-11,10-Mar-11,Donderdag,4185
03/11/11,4-Jan-11,11-Mar-11,Vrijdag,5023
03/13/11,5-Jan-11,13-Mar-11,Zondag,3675
03/14/11,6-Jan-11,14-Mar-11,Maandag,4827
03/15/11,7-Jan-11,15-Mar-11,Dinsdag,4491
03/16/11,8-Jan-11,16-Mar-11,Woensdag,4976
03/17/11,9-Jan-11,17-Mar-11,Donderdag,4769
03/18/11,10-Jan-11,18-Mar-11,Vrijdag,5818
03/20/11,11-Jan-11,20-Mar-11,Zondag,3102
03/21/11,12-Jan-11,21-Mar-11,Maandag,5059
03/22/11,13-Jan-11,22-Mar-11,Dinsdag,5781
03/23/11,14-Jan-11,23-Mar-11,Woensdag,5585
03/24/11,15-Jan-11,24-Mar-11,Donderdag,4724
03/25/11,16-Jan-11,25-Mar-11,Vrijdag,5601
03/27/11,17-Jan-11,27-Mar-11,Zondag,2979
03/28/11,18-Jan-11,28-Mar-11,Maandag,7387
03/29/11,19-Jan-11,29-Mar-11,Dinsdag,6466
03/30/11,20-Jan-11,30-Mar-11,Woensdag,6871
03/31/11,21-Jan-11,31-Mar-11,Donderdag,7508
04/01/11,22-Jan-11,1-Apr-11,Vrijdag,5785
04/03/11,23-Jan-11,3-Apr-11,Zondag,4020
04/04/11,24-Jan-11,4-Apr-11,Maandag,5156
04/05/11,25-Jan-11,5-Apr-11,Dinsdag,5134
04/06/11,26-Jan-11,6-Apr-11,Woensdag,4880
04/07/11,27-Jan-11,7-Apr-11,Donderdag,4553
04/08/11,28-Jan-11,8-Apr-11,Vrijdag,4473
04/10/11,29-Jan-11,10-Apr-11,Zondag,2366
04/11/11,30-Jan-11,11-Apr-11,Maandag,4874
04/12/11,31-Jan-11,12-Apr-11,Dinsdag,4675
04/13/11,1-Feb-11,13-Apr-11,Woensdag,4991
04/14/11,2-Feb-11,14-Apr-11,Donderdag,5224
04/15/11,3-Feb-11,15-Apr-11,Vrijdag,5800
04/17/11,4-Feb-11,17-Apr-11,Zondag,2716
04/18/11,5-Feb-11,18-Apr-11,Maandag,4645
04/19/11,6-Feb-11,19-Apr-11,Dinsdag,4499
04/20/11,7-Feb-11,20-Apr-11,Woensdag,5107
04/21/11,8-Feb-11,21-Apr-11,Donderdag,5895
04/22/11,9-Feb-11,22-Apr-11,Vrijdag,5329
04/25/11,10-Feb-11,25-Apr-11,Maandag,2681
04/26/11,11-Feb-11,26-Apr-11,Dinsdag,4950
04/27/11,12-Feb-11,27-Apr-11,Woensdag,5495
04/28/11,13-Feb-11,28-Apr-11,Donderdag,6473
04/29/11,14-Feb-11,29-Apr-11,Vrijdag,3953
05/01/11,15-Feb-11,1-May-11,Zondag,3685
05/02/11,16-Feb-11,2-May-11,Maandag,5383
05/03/11,17-Feb-11,3-May-11,Dinsdag,5461
05/04/11,18-Feb-11,4-May-11,Woensdag,5969
05/05/11,19-Feb-11,5-May-11,Donderdag,8043
05/06/11,20-Feb-11,6-May-11,Vrijdag,14516
05/08/11,21-Feb-11,8-May-11,Zondag,2879
05/09/11,22-Feb-11,9-May-11,Maandag,5143
05/10/11,23-Feb-11,10-May-11,Dinsdag,4443
05/11/11,24-Feb-11,11-May-11,Woensdag,4546
05/12/11,25-Feb-11,12-May-11,Donderdag,5429
05/13/11,26-Feb-11,13-May-11,Vrijdag,6536
05/15/11,27-Feb-11,15-May-11,Zondag,4005
05/16/11,28-Feb-11,16-May-11,Maandag,5995
05/17/11,1-Mar-11,17-May-11,Dinsdag,5707
05/18/11,2-Mar-11,18-May-11,Woensdag,5046
05/19/11,3-Mar-11,19-May-11,Donderdag,5025
05/20/11,4-Mar-11,20-May-11,Vrijdag,5424
05/22/11,5-Mar-11,22-May-11,Zondag,4070
05/23/11,6-Mar-11,23-May-11,Maandag,5083
05/24/11,7-Mar-11,24-May-11,Dinsdag,5141
05/25/11,8-Mar-11,25-May-11,Woensdag,5543
05/26/11,9-Mar-11,26-May-11,Donderdag,5310
05/27/11,10-Mar-11,27-May-11,Vrijdag,6719
05/29/11,11-Mar-11,29-May-11,Zondag,5365
05/30/11,12-Mar-11,30-May-11,Maandag,5769
05/31/11,13-Mar-11,31-May-11,Dinsdag,6313
06/01/11,14-Mar-11,1-Jun-11,Woensdag,3774
06/02/11,15-Mar-11,2-Jun-11,Donderdag,2
06/03/11,16-Mar-11,3-Jun-11,Vrijdag,4279
06/05/11,17-Mar-11,5-Jun-11,Zondag,3690
06/06/11,18-Mar-11,6-Jun-11,Maandag,5860
06/07/11,19-Mar-11,7-Jun-11,Dinsdag,4574
06/08/11,20-Mar-11,8-Jun-11,Woensdag,5062
06/09/11,21-Mar-11,9-Jun-11,Donderdag,5245
06/10/11,22-Mar-11,10-Jun-11,Vrijdag,6010
06/13/11,23-Mar-11,13-Jun-11,Maandag,3866
06/14/11,24-Mar-11,14-Jun-11,Dinsdag,4169
06/15/11,25-Mar-11,15-Jun-11,Woensdag,6342
06/16/11,26-Mar-11,16-Jun-11,Donderdag,9896
06/17/11,27-Mar-11,17-Jun-11,Vrijdag,10645
06/19/11,28-Mar-11,19-Jun-11,Zondag,4554
06/20/11,29-Mar-11,20-Jun-11,Maandag,5728
06/21/11,30-Mar-11,21-Jun-11,Dinsdag,5804
06/22/11,31-Mar-11,22-Jun-11,Woensdag,5803
06/23/11,1-Apr-11,23-Jun-11,Donderdag,5590
06/24/11,2-Apr-11,24-Jun-11,Vrijdag,6513
06/26/11,3-Apr-11,26-Jun-11,Zondag,3075
06/27/11,4-Apr-11,27-Jun-11,Maandag,5474
06/28/11,5-Apr-11,28-Jun-11,Dinsdag,6223
06/29/11,6-Apr-11,29-Jun-11,Woensdag,6252
06/30/11,7-Apr-11,30-Jun-11,Donderdag,6483
07/01/11,8-Apr-11,1-Jul-11,Vrijdag,7170
07/03/11,9-Apr-11,3-Jul-11,Zondag,3939
07/04/11,10-Apr-11,4-Jul-11,Maandag,5984
07/05/11,11-Apr-11,5-Jul-11,Dinsdag,5740
07/06/11,12-Apr-11,6-Jul-11,Woensdag,6132
07/07/11,13-Apr-11,7-Jul-11,Donderdag,6344
07/08/11,14-Apr-11,8-Jul-11,Vrijdag,6211
07/10/11,15-Apr-11,10-Jul-11,Zondag,3910
07/11/11,16-Apr-11,11-Jul-11,Maandag,4993
07/12/11,17-Apr-11,12-Jul-11,Dinsdag,4678
07/13/11,18-Apr-11,13-Jul-11,Woensdag,5893
07/14/11,19-Apr-11,14-Jul-11,Donderdag,5722
07/15/11,20-Apr-11,15-Jul-11,Vrijdag,6782
07/17/11,21-Apr-11,17-Jul-11,Zondag,4689
07/18/11,22-Apr-11,18-Jul-11,Maandag,5646
07/19/11,23-Apr-11,19-Jul-11,Dinsdag,4755
07/20/11,24-Apr-11,20-Jul-11,Woensdag,5208
07/21/11,25-Apr-11,21-Jul-11,Donderdag,5027
07/22/11,26-Apr-11,22-Jul-11,Vrijdag,5337
07/24/11,27-Apr-11,24-Jul-11,Zondag,4208
07/25/11,28-Apr-11,25-Jul-11,Maandag,4880
07/26/11,29-Apr-11,26-Jul-11,Dinsdag,5224
07/27/11,30-Apr-11,27-Jul-11,Woensdag,5522
07/28/11,1-May-11,28-Jul-11,Donderdag,4818
07/29/11,2-May-11,29-Jul-11,Vrijdag,5803
07/31/11,3-May-11,31-Jul-11,Zondag,4153
08/01/11,4-May-11,1-Aug-11,Maandag,4476
08/02/11,5-May-11,2-Aug-11,Dinsdag,4242
08/03/11,6-May-11,3-Aug-11,Woensdag,5179
08/04/11,7-May-11,4-Aug-11,Donderdag,4476
08/05/11,8-May-11,5-Aug-11,Vrijdag,4990
08/07/11,9-May-11,7-Aug-11,Zondag,3598
08/08/11,10-May-11,8-Aug-11,Maandag,5833
08/09/11,11-May-11,9-Aug-11,Dinsdag,5390
08/10/11,12-May-11,10-Aug-11,Woensdag,4404
08/11/11,13-May-11,11-Aug-11,Donderdag,4852
08/12/11,14-May-11,12-Aug-11,Vrijdag,5010
08/14/11,15-May-11,14-Aug-11,Zondag,4395
08/15/11,16-May-11,15-Aug-11,Maandag,5947
08/16/11,17-May-11,16-Aug-11,Dinsdag,6114
08/17/11,18-May-11,17-Aug-11,Woensdag,5830
08/18/11,19-May-11,18-Aug-11,Donderdag,5926
08/19/11,20-May-11,19-Aug-11,Vrijdag,6308
08/21/11,21-May-11,21-Aug-11,Zondag,4226
08/22/11,22-May-11,22-Aug-11,Maandag,6636
08/23/11,23-May-11,23-Aug-11,Dinsdag,5998
08/24/11,24-May-11,24-Aug-11,Woensdag,6733
08/25/11,25-May-11,25-Aug-11,Donderdag,6454
08/26/11,26-May-11,26-Aug-11,Vrijdag,7910
08/28/11,27-May-11,28-Aug-11,Zondag,5046
08/29/11,28-May-11,29-Aug-11,Maandag,6335
08/30/11,29-May-11,30-Aug-11,Dinsdag,6652
08/31/11,30-May-11,31-Aug-11,Woensdag,6656
09/01/11,31-May-11,1-Sep-11,Donderdag,5921
09/02/11,1-Jun-11,2-Sep-11,Vrijdag,6274
09/04/11,2-Jun-11,4-Sep-11,Zondag,4653
09/05/11,3-Jun-11,5-Sep-11,Maandag,5849
09/06/11,4-Jun-11,6-Sep-11,Dinsdag,5866
09/07/11,5-Jun-11,7-Sep-11,Woensdag,6544
09/08/11,6-Jun-11,8-Sep-11,Donderdag,6388
09/09/11,7-Jun-11,9-Sep-11,Vrijdag,7041
09/11/11,8-Jun-11,11-Sep-11,Zondag,4206
09/12/11,9-Jun-11,12-Sep-11,Maandag,6954
09/13/11,10-Jun-11,13-Sep-11,Dinsdag,6430
09/14/11,11-Jun-11,14-Sep-11,Woensdag,7353
09/15/11,12-Jun-11,15-Sep-11,Donderdag,5370
09/16/11,13-Jun-11,16-Sep-11,Vrijdag,6555
09/18/11,14-Jun-11,18-Sep-11,Zondag,5181
09/19/11,15-Jun-11,19-Sep-11,Maandag,5851
09/20/11,16-Jun-11,20-Sep-11,Dinsdag,5654
09/21/11,17-Jun-11,21-Sep-11,Woensdag,6580
09/22/11,18-Jun-11,22-Sep-11,Donderdag,5485
09/23/11,19-Jun-11,23-Sep-11,Vrijdag,7361
09/25/11,20-Jun-11,25-Sep-11,Zondag,3864
09/26/11,21-Jun-11,26-Sep-11,Maandag,6104
09/27/11,22-Jun-11,27-Sep-11,Dinsdag,6109
09/28/11,23-Jun-11,28-Sep-11,Woensdag,5829
09/29/11,24-Jun-11,29-Sep-11,Donderdag,5700
09/30/11,25-Jun-11,30-Sep-11,Vrijdag,7011
10/02/11,26-Jun-11,2-Oct-11,Zondag,3983
10/03/11,27-Jun-11,3-Oct-11,Maandag,6896
10/04/11,28-Jun-11,4-Oct-11,Dinsdag,6033
10/05/11,29-Jun-11,5-Oct-11,Woensdag,7507
10/06/11,30-Jun-11,6-Oct-11,Donderdag,7167
10/07/11,1-Jul-11,7-Oct-11,Vrijdag,7505
10/09/11,2-Jul-11,9-Oct-11,Zondag,5592
10/10/11,3-Jul-11,10-Oct-11,Maandag,6599
10/11/11,4-Jul-11,11-Oct-11,Dinsdag,6558
10/12/11,5-Jul-11,12-Oct-11,Woensdag,6872
10/13/11,6-Jul-11,13-Oct-11,Donderdag,5156
10/14/11,7-Jul-11,14-Oct-11,Vrijdag,6563
10/16/11,8-Jul-11,16-Oct-11,Zondag,3659
10/17/11,9-Jul-11,17-Oct-11,Maandag,6186
10/18/11,10-Jul-11,18-Oct-11,Dinsdag,5748
10/19/11,11-Jul-11,19-Oct-11,Woensdag,8247
10/20/11,12-Jul-11,20-Oct-11,Donderdag,7385
10/21/11,13-Jul-11,21-Oct-11,Vrijdag,7053
10/23/11,14-Jul-11,23-Oct-11,Zondag,3776
10/24/11,15-Jul-11,24-Oct-11,Maandag,6159
10/25/11,16-Jul-11,25-Oct-11,Dinsdag,6235
10/26/11,17-Jul-11,26-Oct-11,Woensdag,6693
10/27/11,18-Jul-11,27-Oct-11,Donderdag,6289
10/28/11,19-Jul-11,28-Oct-11,Vrijdag,6395
10/30/11,20-Jul-11,30-Oct-11,Zondag,4796
10/31/11,21-Jul-11,31-Oct-11,Maandag,6647
11/01/11,22-Jul-11,1-Nov-11,Dinsdag,6893
11/02/11,23-Jul-11,2-Nov-11,Woensdag,6505
11/03/11,24-Jul-11,3-Nov-11,Donderdag,6773
11/04/11,25-Jul-11,4-Nov-11,Vrijdag,6999
11/06/11,26-Jul-11,6-Nov-11,Zondag,5137
11/07/11,27-Jul-11,7-Nov-11,Maandag,6465
11/08/11,28-Jul-11,8-Nov-11,Dinsdag,478
11/09/11,29-Jul-11,9-Nov-11,Woensdag,36
11/10/11,30-Jul-11,10-Nov-11,Donderdag,6697
11/11/11,31-Jul-11,11-Nov-11,Vrijdag,6672
11/13/11,1-Aug-11,13-Nov-11,Zondag,5104
11/14/11,2-Aug-11,14-Nov-11,Maandag,695
11/15/11,3-Aug-11,15-Nov-11,Dinsdag,26
11/16/11,4-Aug-11,16-Nov-11,Woensdag,6936
11/17/11,5-Aug-11,17-Nov-11,Donderdag,7517
11/18/11,6-Aug-11,18-Nov-11,Vrijdag,7089
11/20/11,7-Aug-11,20-Nov-11,Zondag,4735
11/21/11,8-Aug-11,21-Nov-11,Maandag,6579
11/22/11,9-Aug-11,22-Nov-11,Dinsdag,5982
11/23/11,10-Aug-11,23-Nov-11,Woensdag,6113
11/24/11,11-Aug-11,24-Nov-11,Donderdag,6149
11/25/11,12-Aug-11,25-Nov-11,Vrijdag,8264
11/27/11,13-Aug-11,27-Nov-11,Zondag,5069
11/28/11,14-Aug-11,28-Nov-11,Maandag,6906
11/29/11,15-Aug-11,29-Nov-11,Dinsdag,6929
11/30/11,16-Aug-11,30-Nov-11,Woensdag,6730
12/01/11,17-Aug-11,1-Dec-11,Donderdag,7202
12/02/11,18-Aug-11,2-Dec-11,Vrijdag,804
12/04/11,19-Aug-11,4-Dec-11,Zondag,2453
12/05/11,20-Aug-11,5-Dec-11,Maandag,7086
12/06/11,21-Aug-11,6-Dec-11,Dinsdag,7993
12/07/11,22-Aug-11,7-Dec-11,Woensdag,8908
12/08/11,23-Aug-11,8-Dec-11,Donderdag,9460
12/09/11,24-Aug-11,9-Dec-11,Vrijdag,11204
12/11/11,25-Aug-11,11-Dec-11,Zondag,10902
12/12/11,26-Aug-11,12-Dec-11,Maandag,13159
12/13/11,27-Aug-11,13-Dec-11,Dinsdag,15387
12/14/11,28-Aug-11,14-Dec-11,Woensdag,18292
12/15/11,29-Aug-11,15-Dec-11,Donderdag,15600
12/16/11,30-Aug-11,16-Dec-11,Vrijdag,18910
12/18/11,31-Aug-11,18-Dec-11,Zondag,28121
12/19/11,1-Sep-11,19-Dec-11,Maandag,26496
12/20/11,2-Sep-11,20-Dec-11,Dinsdag,24150
12/21/11,3-Sep-11,21-Dec-11,Woensdag,24348
12/22/11,4-Sep-11,22-Dec-11,Donderdag,23862
12/23/11,5-Sep-11,23-Dec-11,Vrijdag,12846
12/27/11,6-Sep-11,27-Dec-11,Dinsdag,8337
12/28/11,7-Sep-11,28-Dec-11,Woensdag,11039
12/29/11,8-Sep-11,29-Dec-11,Donderdag,69
12/30/11,9-Sep-11,30-Dec-11,Vrijdag,7678
01/02/12,10-Sep-11,2-Jan-12,Maandag,42
01/03/12,11-Sep-11,3-Jan-12,Dinsdag,14
01/04/12,12-Sep-11,4-Jan-12,Woensdag,13
01/05/12,13-Sep-11,5-Jan-12,Donderdag,6095
01/06/12,14-Sep-11,6-Jan-12,Vrijdag,5588
01/08/12,15-Sep-11,8-Jan-12,Zondag,4034
01/09/12,16-Sep-11,9-Jan-12,Maandag,5465
01/10/12,17-Sep-11,10-Jan-12,Dinsdag,6296
01/11/12,18-Sep-11,11-Jan-12,Woensdag,6658
01/12/12,19-Sep-11,12-Jan-12,Donderdag,6312
01/13/12,20-Sep-11,13-Jan-12,Vrijdag,6637
01/15/12,21-Sep-11,15-Jan-12,Zondag,5318
01/16/12,22-Sep-11,16-Jan-12,Maandag,94
01/17/12,23-Sep-11,17-Jan-12,Dinsdag,6091
01/18/12,24-Sep-11,18-Jan-12,Woensdag,7127
01/19/12,25-Sep-11,19-Jan-12,Donderdag,6787
01/20/12,26-Sep-11,20-Jan-12,Vrijdag,7113
01/22/12,27-Sep-11,22-Jan-12,Zondag,5455
01/23/12,28-Sep-11,23-Jan-12,Maandag,7138
01/24/12,29-Sep-11,24-Jan-12,Dinsdag,9023
01/25/12,30-Sep-11,25-Jan-12,Woensdag,8934
01/26/12,1-Oct-11,26-Jan-12,Donderdag,7494
01/27/12,2-Oct-11,27-Jan-12,Vrijdag,7783
01/29/12,3-Oct-11,29-Jan-12,Zondag,5705
01/30/12,4-Oct-11,30-Jan-12,Maandag,57
01/31/12,5-Oct-11,31-Jan-12,Dinsdag,1718
02/01/12,6-Oct-11,1-Feb-12,Woensdag,7044
02/02/12,7-Oct-11,2-Feb-12,Donderdag,5872
02/03/12,8-Oct-11,3-Feb-12,Vrijdag,8357
02/05/12,9-Oct-11,5-Feb-12,Zondag,6089
02/06/12,10-Oct-11,6-Feb-12,Maandag,7641
02/07/12,11-Oct-11,7-Feb-12,Dinsdag,7497
02/08/12,12-Oct-11,8-Feb-12,Woensdag,8055
02/09/12,13-Oct-11,9-Feb-12,Donderdag,7177
02/10/12,14-Oct-11,10-Feb-12,Vrijdag,8978
02/12/12,15-Oct-11,12-Feb-12,Zondag,6678
02/13/12,16-Oct-11,13-Feb-12,Maandag,21877
02/14/12,17-Oct-11,14-Feb-12,Dinsdag,8128
02/15/12,18-Oct-11,15-Feb-12,Woensdag,7901
02/16/12,19-Oct-11,16-Feb-12,Donderdag,7219
02/17/12,20-Oct-11,17-Feb-12,Vrijdag,202
02/19/12,21-Oct-11,19-Feb-12,Zondag,763
02/20/12,22-Oct-11,20-Feb-12,Maandag,7269
02/21/12,23-Oct-11,21-Feb-12,Dinsdag,7192
02/22/12,24-Oct-11,22-Feb-12,Woensdag,9044
02/23/12,25-Oct-11,23-Feb-12,Donderdag,9228
02/24/12,26-Oct-11,24-Feb-12,Vrijdag,3745
02/26/12,27-Oct-11,26-Feb-12,Zondag,1278
02/27/12,28-Oct-11,27-Feb-12,Maandag,7894
02/28/12,29-Oct-11,28-Feb-12,Dinsdag,6420
02/29/12,30-Oct-11,29-Feb-12,Woensdag,7617
03/01/12,31-Oct-11,1-Mar-12,Donderdag,7172
03/02/12,1-Nov-11,2-Mar-12,Vrijdag,8028
03/04/12,2-Nov-11,4-Mar-12,Zondag,5685
03/05/12,3-Nov-11,5-Mar-12,Maandag,1190
03/06/12,4-Nov-11,6-Mar-12,Dinsdag,50
03/07/12,5-Nov-11,7-Mar-12,Woensdag,23
03/08/12,6-Nov-11,8-Mar-12,Donderdag,6226
03/09/12,7-Nov-11,9-Mar-12,Vrijdag,8616
03/11/12,8-Nov-11,11-Mar-12,Zondag,5094
03/12/12,9-Nov-11,12-Mar-12,Maandag,7760
03/13/12,10-Nov-11,13-Mar-12,Dinsdag,7551
03/14/12,11-Nov-11,14-Mar-12,Woensdag,41
03/15/12,12-Nov-11,15-Mar-12,Donderdag,2592
03/16/12,13-Nov-11,16-Mar-12,Vrijdag,8655
03/18/12,14-Nov-11,18-Mar-12,Zondag,85
03/19/12,15-Nov-11,19-Mar-12,Maandag,4917
03/20/12,16-Nov-11,20-Mar-12,Dinsdag,7389
03/21/12,17-Nov-11,21-Mar-12,Woensdag,6596
03/22/12,18-Nov-11,22-Mar-12,Donderdag,7925
03/23/12,19-Nov-11,23-Mar-12,Vrijdag,8635
03/25/12,20-Nov-11,25-Mar-12,Zondag,4550
03/26/12,21-Nov-11,26-Mar-12,Maandag,8060
03/27/12,22-Nov-11,27-Mar-12,Dinsdag,5606
03/28/12,23-Nov-11,28-Mar-12,Woensdag,3202
03/29/12,24-Nov-11,29-Mar-12,Donderdag,8180
03/30/12,25-Nov-11,30-Mar-12,Vrijdag,10130
04/01/12,26-Nov-11,1-Apr-12,Zondag,5643
04/02/12,27-Nov-11,2-Apr-12,Maandag,8359
04/03/12,28-Nov-11,3-Apr-12,Dinsdag,7008
04/04/12,29-Nov-11,4-Apr-12,Woensdag,7798
04/05/12,30-Nov-11,5-Apr-12,Donderdag,7506
04/06/12,1-Dec-11,6-Apr-12,Vrijdag,7840
04/08/12,2-Dec-11,8-Apr-12,Zondag,2
04/09/12,3-Dec-11,9-Apr-12,Maandag,17
04/10/12,4-Dec-11,10-Apr-12,Dinsdag,621
04/11/12,5-Dec-11,11-Apr-12,Woensdag,9167
04/12/12,6-Dec-11,12-Apr-12,Donderdag,7595
04/13/12,7-Dec-11,13-Apr-12,Vrijdag,7984
04/15/12,8-Dec-11,15-Apr-12,Zondag,5456
04/16/12,9-Dec-11,16-Apr-12,Maandag,7361
04/17/12,10-Dec-11,17-Apr-12,Dinsdag,6819
04/18/12,11-Dec-11,18-Apr-12,Woensdag,8071
04/19/12,12-Dec-11,19-Apr-12,Donderdag,7865
04/20/12,13-Dec-11,20-Apr-12,Vrijdag,8512
04/22/12,14-Dec-11,22-Apr-12,Zondag,5952
04/23/12,15-Dec-11,23-Apr-12,Maandag,7267
04/24/12,16-Dec-11,24-Apr-12,Dinsdag,6922
04/25/12,17-Dec-11,25-Apr-12,Woensdag,7167
04/26/12,18-Dec-11,26-Apr-12,Donderdag,8061
04/27/12,19-Dec-11,27-Apr-12,Vrijdag,8463
04/29/12,20-Dec-11,29-Apr-12,Zondag,1313
05/01/12,21-Dec-11,1-May-12,Dinsdag,78
05/02/12,22-Dec-11,2-May-12,Woensdag,5860
05/03/12,23-Dec-11,3-May-12,Donderdag,8529
05/04/12,24-Dec-11,4-May-12,Vrijdag,7650
05/06/12,25-Dec-11,6-May-12,Zondag,5415
05/07/12,26-Dec-11,7-May-12,Maandag,7123
05/08/12,27-Dec-11,8-May-12,Dinsdag,8533
05/09/12,28-Dec-11,9-May-12,Woensdag,7863
05/10/12,29-Dec-11,10-May-12,Donderdag,11438
05/11/12,30-Dec-11,11-May-12,Vrijdag,16860
05/13/12,31-Dec-11,13-May-12,Zondag,26
05/14/12,1-Jan-12,14-May-12,Maandag,4657
05/15/12,2-Jan-12,15-May-12,Dinsdag,7924
05/16/12,3-Jan-12,16-May-12,Woensdag,6452
05/17/12,4-Jan-12,17-May-12,Donderdag,2
05/18/12,5-Jan-12,18-May-12,Vrijdag,6129
05/20/12,6-Jan-12,20-May-12,Zondag,4531
05/21/12,7-Jan-12,21-May-12,Maandag,1647
05/22/12,8-Jan-12,22-May-12,Dinsdag,81
05/23/12,9-Jan-12,23-May-12,Woensdag,6765
05/24/12,10-Jan-12,24-May-12,Donderdag,6450
05/25/12,11-Jan-12,25-May-12,Vrijdag,7323
05/27/12,12-Jan-12,27-May-12,Zondag,1
05/28/12,13-Jan-12,28-May-12,Maandag,5014
05/29/12,14-Jan-12,29-May-12,Dinsdag,10014
05/30/12,15-Jan-12,30-May-12,Woensdag,8502
05/31/12,16-Jan-12,31-May-12,Donderdag,8473
06/01/12,17-Jan-12,1-Jun-12,Vrijdag,7077
06/03/12,18-Jan-12,3-Jun-12,Zondag,5680
06/04/12,19-Jan-12,4-Jun-12,Maandag,6083
06/05/12,20-Jan-12,5-Jun-12,Dinsdag,165
06/06/12,21-Jan-12,6-Jun-12,Woensdag,4806
06/07/12,22-Jan-12,7-Jun-12,Donderdag,6548
06/08/12,23-Jan-12,8-Jun-12,Vrijdag,6951
06/10/12,24-Jan-12,10-Jun-12,Zondag,4255
06/11/12,25-Jan-12,11-Jun-12,Maandag,8316
06/12/12,26-Jan-12,12-Jun-12,Dinsdag,7616
06/13/12,27-Jan-12,13-Jun-12,Woensdag,10277
06/14/12,28-Jan-12,14-Jun-12,Donderdag,13039
06/15/12,29-Jan-12,15-Jun-12,Vrijdag,16219
06/17/12,30-Jan-12,17-Jun-12,Zondag,5550
06/18/12,31-Jan-12,18-Jun-12,Maandag,7220
06/19/12,1-Feb-12,19-Jun-12,Dinsdag,6525
06/20/12,2-Feb-12,20-Jun-12,Woensdag,7524
06/21/12,3-Feb-12,21-Jun-12,Donderdag,6383
06/22/12,4-Feb-12,22-Jun-12,Vrijdag,7991
06/24/12,5-Feb-12,24-Jun-12,Zondag,6677
06/25/12,6-Feb-12,25-Jun-12,Maandag,8181
06/26/12,7-Feb-12,26-Jun-12,Dinsdag,7331
06/27/12,8-Feb-12,27-Jun-12,Woensdag,8601
06/28/12,9-Feb-12,28-Jun-12,Donderdag,3770
06/29/12,10-Feb-12,29-Jun-12,Vrijdag,174
07/01/12,11-Feb-12,1-Jul-12,Zondag,20
07/02/12,12-Feb-12,2-Jul-12,Maandag,7363
07/03/12,13-Feb-12,3-Jul-12,Dinsdag,7267
07/04/12,14-Feb-12,4-Jul-12,Woensdag,6838
07/05/12,15-Feb-12,5-Jul-12,Donderdag,6835
07/06/12,16-Feb-12,6-Jul-12,Vrijdag,7379
07/08/12,17-Feb-12,8-Jul-12,Zondag,5783
07/09/12,18-Feb-12,9-Jul-12,Maandag,7542
07/10/12,19-Feb-12,10-Jul-12,Dinsdag,8139
07/11/12,20-Feb-12,11-Jul-12,Woensdag,8220
07/12/12,21-Feb-12,12-Jul-12,Donderdag,7548
07/13/12,22-Feb-12,13-Jul-12,Vrijdag,7413
07/15/12,23-Feb-12,15-Jul-12,Zondag,4697
07/16/12,24-Feb-12,16-Jul-12,Maandag,7143
07/17/12,25-Feb-12,17-Jul-12,Dinsdag,6383
07/18/12,26-Feb-12,18-Jul-12,Woensdag,7028
07/19/12,27-Feb-12,19-Jul-12,Donderdag,6798
07/20/12,28-Feb-12,20-Jul-12,Vrijdag,6248
07/22/12,29-Feb-12,22-Jul-12,Zondag,4645
07/23/12,1-Mar-12,23-Jul-12,Maandag,142
07/24/12,2-Mar-12,24-Jul-12,Dinsdag,6588
07/25/12,3-Mar-12,25-Jul-12,Woensdag,6521
07/26/12,4-Mar-12,26-Jul-12,Donderdag,5282
07/27/12,5-Mar-12,27-Jul-12,Vrijdag,7096
07/29/12,6-Mar-12,29-Jul-12,Zondag,4185
07/30/12,7-Mar-12,30-Jul-12,Maandag,6753
07/31/12,8-Mar-12,31-Jul-12,Dinsdag,7544
08/01/12,9-Mar-12,1-Aug-12,Woensdag,1018
08/02/12,10-Mar-12,2-Aug-12,Donderdag,187
08/03/12,11-Mar-12,3-Aug-12,Vrijdag,134
08/05/12,12-Mar-12,5-Aug-12,Zondag,90
08/06/12,13-Mar-12,6-Aug-12,Maandag,6629
08/07/12,14-Mar-12,7-Aug-12,Dinsdag,6463
08/08/12,15-Mar-12,8-Aug-12,Woensdag,6137
08/09/12,16-Mar-12,9-Aug-12,Donderdag,5460
08/10/12,17-Mar-12,10-Aug-12,Vrijdag,265
08/12/12,18-Mar-12,12-Aug-12,Zondag,410
08/13/12,19-Mar-12,13-Aug-12,Maandag,7480
08/14/12,20-Mar-12,14-Aug-12,Dinsdag,6805
08/15/12,21-Mar-12,15-Aug-12,Woensdag,6282
08/16/12,22-Mar-12,16-Aug-12,Donderdag,5760
08/17/12,23-Mar-12,17-Aug-12,Vrijdag,6429
08/19/12,24-Mar-12,19-Aug-12,Zondag,4010
08/20/12,25-Mar-12,20-Aug-12,Maandag,7387
08/21/12,26-Mar-12,21-Aug-12,Dinsdag,8235
08/22/12,27-Mar-12,22-Aug-12,Woensdag,8368
08/23/12,28-Mar-12,23-Aug-12,Donderdag,7916
08/24/12,29-Mar-12,24-Aug-12,Vrijdag,9640
08/26/12,30-Mar-12,26-Aug-12,Zondag,7794
08/27/12,31-Mar-12,27-Aug-12,Maandag,9801
08/28/12,1-Apr-12,28-Aug-12,Dinsdag,3005
08/29/12,2-Apr-12,29-Aug-12,Woensdag,283
08/30/12,3-Apr-12,30-Aug-12,Donderdag,35
08/31/12,4-Apr-12,31-Aug-12,Vrijdag,24
09/02/12,5-Apr-12,2-Sep-12,Zondag,6910
09/03/12,6-Apr-12,3-Sep-12,Maandag,9189
09/04/12,7-Apr-12,4-Sep-12,Dinsdag,8387
09/05/12,8-Apr-12,5-Sep-12,Woensdag,10232
09/06/12,9-Apr-12,6-Sep-12,Donderdag,9424
09/07/12,10-Apr-12,7-Sep-12,Vrijdag,10103
09/09/12,11-Apr-12,9-Sep-12,Zondag,5609
09/10/12,12-Apr-12,10-Sep-12,Maandag,7360
09/11/12,13-Apr-12,11-Sep-12,Dinsdag,276
09/12/12,14-Apr-12,12-Sep-12,Woensdag,9324
09/13/12,15-Apr-12,13-Sep-12,Donderdag,8498
09/14/12,16-Apr-12,14-Sep-12,Vrijdag,9113
09/16/12,17-Apr-12,16-Sep-12,Zondag,5185
09/17/12,18-Apr-12,17-Sep-12,Maandag,95
09/18/12,19-Apr-12,18-Sep-12,Dinsdag,8232
09/19/12,20-Apr-12,19-Sep-12,Woensdag,9060
09/20/12,21-Apr-12,20-Sep-12,Donderdag,8414
09/21/12,22-Apr-12,21-Sep-12,Vrijdag,297
09/23/12,23-Apr-12,23-Sep-12,Zondag,14
09/24/12,24-Apr-12,24-Sep-12,Maandag,249
09/25/12,25-Apr-12,25-Sep-12,Dinsdag,674
09/26/12,26-Apr-12,26-Sep-12,Woensdag,9524
09/27/12,27-Apr-12,27-Sep-12,Donderdag,9382
09/28/12,28-Apr-12,28-Sep-12,Vrijdag,9220
09/30/12,29-Apr-12,30-Sep-12,Zondag,6648
10/01/12,30-Apr-12,1-Oct-12,Maandag,9333
10/02/12,1-May-12,2-Oct-12,Dinsdag,8721
10/03/12,2-May-12,3-Oct-12,Woensdag,9132
10/04/12,3-May-12,4-Oct-12,Donderdag,7518
10/05/12,4-May-12,5-Oct-12,Vrijdag,9020
10/07/12,5-May-12,7-Oct-12,Zondag,5776
10/08/12,6-May-12,8-Oct-12,Maandag,7572
10/09/12,7-May-12,9-Oct-12,Dinsdag,8574
10/10/12,8-May-12,10-Oct-12,Woensdag,4905
10/11/12,9-May-12,11-Oct-12,Donderdag,40
10/12/12,10-May-12,12-Oct-12,Vrijdag,147
10/14/12,11-May-12,14-Oct-12,Zondag,3619
10/15/12,12-May-12,15-Oct-12,Maandag,9984
10/16/12,13-May-12,16-Oct-12,Dinsdag,8165
10/17/12,14-May-12,17-Oct-12,Woensdag,7337
10/18/12,15-May-12,18-Oct-12,Donderdag,7250
10/19/12,16-May-12,19-Oct-12,Vrijdag,8200
10/21/12,17-May-12,21-Oct-12,Zondag,3742
10/22/12,18-May-12,22-Oct-12,Maandag,188
10/23/12,19-May-12,23-Oct-12,Dinsdag,4625
10/24/12,20-May-12,24-Oct-12,Woensdag,7728
10/25/12,21-May-12,25-Oct-12,Donderdag,7892
10/26/12,22-May-12,26-Oct-12,Vrijdag,9233
10/28/12,23-May-12,28-Oct-12,Zondag,9997
10/29/12,24-May-12,29-Oct-12,Maandag,4848
10/30/12,25-May-12,30-Oct-12,Dinsdag,305
10/31/12,26-May-12,31-Oct-12,Woensdag,5664
11/01/12,27-May-12,1-Nov-12,Donderdag,7858
11/02/12,28-May-12,2-Nov-12,Vrijdag,127
11/04/12,29-May-12,4-Nov-12,Zondag,3777
11/05/12,30-May-12,5-Nov-12,Maandag,9477
11/06/12,31-May-12,6-Nov-12,Dinsdag,7984
11/07/12,1-Jun-12,7-Nov-12,Woensdag,8712
11/08/12,2-Jun-12,8-Nov-12,Donderdag,8390
11/09/12,3-Jun-12,9-Nov-12,Vrijdag,9238
11/11/12,4-Jun-12,11-Nov-12,Zondag,6553
11/12/12,5-Jun-12,12-Nov-12,Maandag,9923
11/13/12,6-Jun-12,13-Nov-12,Dinsdag,9457
11/14/12,7-Jun-12,14-Nov-12,Woensdag,302
11/15/12,8-Jun-12,15-Nov-12,Donderdag,6291
11/16/12,9-Jun-12,16-Nov-12,Vrijdag,9078
11/18/12,10-Jun-12,18-Nov-12,Zondag,7326
11/19/12,11-Jun-12,19-Nov-12,Maandag,8660
11/20/12,12-Jun-12,20-Nov-12,Dinsdag,8989
11/21/12,13-Jun-12,21-Nov-12,Woensdag,10297
11/22/12,14-Jun-12,22-Nov-12,Donderdag,8903
11/23/12,15-Jun-12,23-Nov-12,Vrijdag,9506
11/25/12,16-Jun-12,25-Nov-12,Zondag,7000
11/26/12,17-Jun-12,26-Nov-12,Maandag,9979
11/27/12,18-Jun-12,27-Nov-12,Dinsdag,1235
11/28/12,19-Jun-12,28-Nov-12,Woensdag,1282
11/29/12,20-Jun-12,29-Nov-12,Donderdag,9718
11/30/12,21-Jun-12,30-Nov-12,Vrijdag,9038
12/02/12,22-Jun-12,2-Dec-12,Zondag,7961
12/03/12,23-Jun-12,3-Dec-12,Maandag,10959
12/04/12,24-Jun-12,4-Dec-12,Dinsdag,10446
12/05/12,25-Jun-12,5-Dec-12,Woensdag,9623
12/06/12,26-Jun-12,6-Dec-12,Donderdag,11850
12/07/12,27-Jun-12,7-Dec-12,Vrijdag,2708
12/09/12,28-Jun-12,9-Dec-12,Zondag,17883
12/10/12,29-Jun-12,10-Dec-12,Maandag,20983
12/11/12,30-Jun-12,11-Dec-12,Dinsdag,4846
12/12/12,1-Jul-12,12-Dec-12,Woensdag,21842
12/13/12,2-Jul-12,13-Dec-12,Donderdag,27995
12/14/12,3-Jul-12,14-Dec-12,Vrijdag,28188
12/15/12,4-Jul-12,15-Dec-12,Zaterdag,1
12/16/12,5-Jul-12,16-Dec-12,Zondag,41693
12/17/12,6-Jul-12,17-Dec-12,Maandag,18450
12/18/12,7-Jul-12,18-Dec-12,Dinsdag,38356
12/19/12,8-Jul-12,19-Dec-12,Woensdag,37206
12/20/12,9-Jul-12,20-Dec-12,Donderdag,36582
12/21/12,10-Jul-12,21-Dec-12,Vrijdag,32720
12/23/12,11-Jul-12,23-Dec-12,Zondag,24634
12/24/12,12-Jul-12,24-Dec-12,Maandag,7973
12/27/12,13-Jul-12,27-Dec-12,Donderdag,11326
12/28/12,14-Jul-12,28-Dec-12,Vrijdag,12523
12/30/12,15-Jul-12,30-Dec-12,Zondag,11090
12/31/12,16-Jul-12,31-Dec-12,Maandag,5311
01/02/13,17-Jul-12,2-Jan-13,Woensdag,8610
01/03/13,18-Jul-12,3-Jan-13,Donderdag,8706
01/04/13,19-Jul-12,4-Jan-13,Vrijdag,9643
01/06/13,20-Jul-12,6-Jan-13,Zondag,4949
01/07/13,21-Jul-12,7-Jan-13,Maandag,91
01/08/13,22-Jul-12,8-Jan-13,Dinsdag,5946
01/09/13,23-Jul-12,9-Jan-13,Woensdag,8274
01/10/13,24-Jul-12,10-Jan-13,Donderdag,8617
01/11/13,25-Jul-12,11-Jan-13,Vrijdag,5839
01/13/13,26-Jul-12,13-Jan-13,Zondag,7156
01/14/13,27-Jul-12,14-Jan-13,Maandag,9027
01/15/13,28-Jul-12,15-Jan-13,Dinsdag,11557
01/16/13,29-Jul-12,16-Jan-13,Woensdag,10027
01/17/13,30-Jul-12,17-Jan-13,Donderdag,7840
01/18/13,31-Jul-12,18-Jan-13,Vrijdag,8575
01/20/13,1-Aug-12,20-Jan-13,Zondag,6810
01/21/13,2-Aug-12,21-Jan-13,Maandag,8368
01/22/13,3-Aug-12,22-Jan-13,Dinsdag,28
01/23/13,4-Aug-12,23-Jan-13,Woensdag,8550
01/24/13,5-Aug-12,24-Jan-13,Donderdag,10145
01/25/13,6-Aug-12,25-Jan-13,Vrijdag,10692
01/27/13,7-Aug-12,27-Jan-13,Zondag,8647
01/28/13,8-Aug-12,28-Jan-13,Maandag,9426
01/29/13,9-Aug-12,29-Jan-13,Dinsdag,11600
01/30/13,10-Aug-12,30-Jan-13,Woensdag,9887
01/31/13,11-Aug-12,31-Jan-13,Donderdag,267
02/01/13,12-Aug-12,1-Feb-13,Vrijdag,9655
02/03/13,13-Aug-12,3-Feb-13,Zondag,7322
02/04/13,14-Aug-12,4-Feb-13,Maandag,9386
02/05/13,15-Aug-12,5-Feb-13,Dinsdag,8846
02/06/13,16-Aug-12,6-Feb-13,Woensdag,9118
02/07/13,17-Aug-12,7-Feb-13,Donderdag,8860
02/08/13,18-Aug-12,8-Feb-13,Vrijdag,9073
02/10/13,19-Aug-12,10-Feb-13,Zondag,6708
02/11/13,20-Aug-12,11-Feb-13,Maandag,10649
02/12/13,21-Aug-12,12-Feb-13,Dinsdag,13806
02/13/13,22-Aug-12,13-Feb-13,Woensdag,40294
02/14/13,23-Aug-12,14-Feb-13,Donderdag,10454
02/15/13,24-Aug-12,15-Feb-13,Vrijdag,2575
02/17/13,25-Aug-12,17-Feb-13,Zondag,15
02/18/13,26-Aug-12,18-Feb-13,Maandag,202
02/19/13,27-Aug-12,19-Feb-13,Dinsdag,6280
02/20/13,28-Aug-12,20-Feb-13,Woensdag,9524
02/21/13,29-Aug-12,21-Feb-13,Donderdag,8828
02/22/13,30-Aug-12,22-Feb-13,Vrijdag,9563
02/24/13,31-Aug-12,24-Feb-13,Zondag,8038
02/25/13,1-Sep-12,25-Feb-13,Maandag,8652
02/26/13,2-Sep-12,26-Feb-13,Dinsdag,132
02/27/13,3-Sep-12,27-Feb-13,Woensdag,23
02/28/13,4-Sep-12,28-Feb-13,Donderdag,11252
03/01/13,5-Sep-12,1-Mar-13,Vrijdag,1881
03/03/13,6-Sep-12,3-Mar-13,Zondag,8372
03/04/13,7-Sep-12,4-Mar-13,Maandag,10170
03/05/13,8-Sep-12,5-Mar-13,Dinsdag,4218
03/06/13,9-Sep-12,6-Mar-13,Woensdag,80
03/07/13,10-Sep-12,7-Mar-13,Donderdag,8577
03/08/13,11-Sep-12,8-Mar-13,Vrijdag,9485
03/10/13,12-Sep-12,10-Mar-13,Zondag,7844
03/11/13,13-Sep-12,11-Mar-13,Maandag,12859
03/12/13,14-Sep-12,12-Mar-13,Dinsdag,9542
03/13/13,15-Sep-12,13-Mar-13,Woensdag,9684
03/14/13,16-Sep-12,14-Mar-13,Donderdag,8481
03/15/13,17-Sep-12,15-Mar-13,Vrijdag,8960
03/17/13,18-Sep-12,17-Mar-13,Zondag,7972
03/18/13,19-Sep-12,18-Mar-13,Maandag,12056
03/19/13,20-Sep-12,19-Mar-13,Dinsdag,9579
03/20/13,21-Sep-12,20-Mar-13,Woensdag,12747
03/21/13,22-Sep-12,21-Mar-13,Donderdag,10480
03/22/13,23-Sep-12,22-Mar-13,Vrijdag,11109
03/24/13,24-Sep-12,24-Mar-13,Zondag,12928
03/25/13,25-Sep-12,25-Mar-13,Maandag,8246
03/26/13,26-Sep-12,26-Mar-13,Dinsdag,8167
03/27/13,27-Sep-12,27-Mar-13,Woensdag,9005
03/28/13,28-Sep-12,28-Mar-13,Donderdag,9219
03/29/13,29-Sep-12,29-Mar-13,Vrijdag,10642
04/01/13,30-Sep-12,1-Apr-13,Maandag,70
04/02/13,1-Oct-12,2-Apr-13,Dinsdag,48
04/03/13,2-Oct-12,3-Apr-13,Woensdag,301
04/04/13,3-Oct-12,4-Apr-13,Donderdag,31
04/05/13,4-Oct-12,5-Apr-13,Vrijdag,9337
04/07/13,5-Oct-12,7-Apr-13,Zondag,6198
04/08/13,6-Oct-12,8-Apr-13,Maandag,8699
04/09/13,7-Oct-12,9-Apr-13,Dinsdag,93
04/10/13,8-Oct-12,10-Apr-13,Woensdag,73
04/11/13,9-Oct-12,11-Apr-13,Donderdag,921
04/12/13,10-Oct-12,12-Apr-13,Vrijdag,10091
04/14/13,11-Oct-12,14-Apr-13,Zondag,5172
04/15/13,12-Oct-12,15-Apr-13,Maandag,7748
04/16/13,13-Oct-12,16-Apr-13,Dinsdag,7320
04/17/13,14-Oct-12,17-Apr-13,Woensdag,8728
04/18/13,15-Oct-12,18-Apr-13,Donderdag,7683
04/19/13,16-Oct-12,19-Apr-13,Vrijdag,9280
04/21/13,17-Oct-12,21-Apr-13,Zondag,5995
04/22/13,18-Oct-12,22-Apr-13,Maandag,272
04/23/13,19-Oct-12,23-Apr-13,Dinsdag,5963
04/24/13,20-Oct-12,24-Apr-13,Woensdag,7828
04/25/13,21-Oct-12,25-Apr-13,Donderdag,8449
04/26/13,22-Oct-12,26-Apr-13,Vrijdag,2923
04/28/13,23-Oct-12,28-Apr-13,Zondag,2965
04/29/13,24-Oct-12,29-Apr-13,Maandag,6340
05/01/13,25-Oct-12,1-May-13,Woensdag,6492
05/02/13,26-Oct-12,2-May-13,Donderdag,7462
05/03/13,27-Oct-12,3-May-13,Vrijdag,272
05/05/13,28-Oct-12,5-May-13,Zondag,5062
05/06/13,29-Oct-12,6-May-13,Maandag,8626
05/07/13,30-Oct-12,7-May-13,Dinsdag,10150
05/08/13,31-Oct-12,8-May-13,Woensdag,13506
05/10/13,1-Nov-12,10-May-13,Vrijdag,17919
05/12/13,2-Nov-12,12-May-13,Zondag,8716
05/13/13,3-Nov-12,13-May-13,Maandag,9105
05/14/13,4-Nov-12,14-May-13,Dinsdag,8245
05/15/13,5-Nov-12,15-May-13,Woensdag,8406
05/16/13,6-Nov-12,16-May-13,Donderdag,10036
05/17/13,7-Nov-12,17-May-13,Vrijdag,9666
05/20/13,8-Nov-12,20-May-13,Maandag,7771
05/21/13,9-Nov-12,21-May-13,Dinsdag,486
05/22/13,10-Nov-12,22-May-13,Woensdag,2140
05/23/13,11-Nov-12,23-May-13,Donderdag,10234
05/24/13,12-Nov-12,24-May-13,Vrijdag,144
05/26/13,13-Nov-12,26-May-13,Zondag,6856
05/27/13,14-Nov-12,27-May-13,Maandag,9972
05/28/13,15-Nov-12,28-May-13,Dinsdag,8030
05/29/13,16-Nov-12,29-May-13,Woensdag,9132
05/30/13,17-Nov-12,30-May-13,Donderdag,9364
05/31/13,18-Nov-12,31-May-13,Vrijdag,8435
06/02/13,19-Nov-12,2-Jun-13,Zondag,5578
06/03/13,20-Nov-12,3-Jun-13,Maandag,9068
06/04/13,21-Nov-12,4-Jun-13,Dinsdag,7643
06/05/13,22-Nov-12,5-Jun-13,Woensdag,7383
06/06/13,23-Nov-12,6-Jun-13,Donderdag,7038
06/07/13,24-Nov-12,7-Jun-13,Vrijdag,7379
06/09/13,25-Nov-12,9-Jun-13,Zondag,63
06/10/13,26-Nov-12,10-Jun-13,Maandag,5217
06/11/13,27-Nov-12,11-Jun-13,Dinsdag,8452
06/12/13,28-Nov-12,12-Jun-13,Woensdag,10434
06/13/13,29-Nov-12,13-Jun-13,Donderdag,17735
06/14/13,30-Nov-12,14-Jun-13,Vrijdag,14186
06/16/13,1-Dec-12,16-Jun-13,Zondag,49
06/17/13,2-Dec-12,17-Jun-13,Maandag,8544
06/18/13,3-Dec-12,18-Jun-13,Dinsdag,5572
06/19/13,4-Dec-12,19-Jun-13,Woensdag,32
06/20/13,5-Dec-12,20-Jun-13,Donderdag,7000
06/21/13,6-Dec-12,21-Jun-13,Vrijdag,9014
06/23/13,7-Dec-12,23-Jun-13,Zondag,37
06/24/13,8-Dec-12,24-Jun-13,Maandag,8988
06/25/13,9-Dec-12,25-Jun-13,Dinsdag,6049
06/26/13,10-Dec-12,26-Jun-13,Woensdag,230
06/27/13,11-Dec-12,27-Jun-13,Donderdag,18
06/28/13,12-Dec-12,28-Jun-13,Vrijdag,7155
06/30/13,13-Dec-12,30-Jun-13,Zondag,3259
07/01/13,14-Dec-12,1-Jul-13,Maandag,790
07/02/13,15-Dec-12,2-Jul-13,Dinsdag,9278
07/03/13,16-Dec-12,3-Jul-13,Woensdag,72
07/04/13,17-Dec-12,4-Jul-13,Donderdag,49
07/05/13,18-Dec-12,5-Jul-13,Vrijdag,6922
07/07/13,19-Dec-12,7-Jul-13,Zondag,1812
07/08/13,20-Dec-12,8-Jul-13,Maandag,62
07/09/13,21-Dec-12,9-Jul-13,Dinsdag,30
07/10/13,22-Dec-12,10-Jul-13,Woensdag,4368
07/11/13,23-Dec-12,11-Jul-13,Donderdag,8462
07/12/13,24-Dec-12,12-Jul-13,Vrijdag,668
07/14/13,25-Dec-12,14-Jul-13,Zondag,2
07/15/13,26-Dec-12,15-Jul-13,Maandag,50
07/16/13,27-Dec-12,16-Jul-13,Dinsdag,1151
07/17/13,28-Dec-12,17-Jul-13,Woensdag,6719
07/18/13,29-Dec-12,18-Jul-13,Donderdag,4704
07/19/13,30-Dec-12,19-Jul-13,Vrijdag,81
07/21/13,31-Dec-12,21-Jul-13,Zondag,4220
07/22/13,1-Jan-13,22-Jul-13,Maandag,6858
07/23/13,2-Jan-13,23-Jul-13,Dinsdag,7101
07/24/13,3-Jan-13,24-Jul-13,Woensdag,9940
07/25/13,4-Jan-13,25-Jul-13,Donderdag,7518
07/26/13,5-Jan-13,26-Jul-13,Vrijdag,8056
07/28/13,6-Jan-13,28-Jul-13,Zondag,5215
07/29/13,7-Jan-13,29-Jul-13,Maandag,379
07/30/13,8-Jan-13,30-Jul-13,Dinsdag,6593
07/31/13,9-Jan-13,31-Jul-13,Woensdag,8235
08/01/13,10-Jan-13,1-Aug-13,Donderdag,6640
08/02/13,11-Jan-13,2-Aug-13,Vrijdag,7307
08/04/13,12-Jan-13,4-Aug-13,Zondag,5654
08/05/13,13-Jan-13,5-Aug-13,Maandag,3664
08/06/13,14-Jan-13,6-Aug-13,Dinsdag,57
08/07/13,15-Jan-13,7-Aug-13,Woensdag,15
08/08/13,16-Jan-13,8-Aug-13,Donderdag,735
08/09/13,17-Jan-13,9-Aug-13,Vrijdag,7679
08/11/13,18-Jan-13,11-Aug-13,Zondag,5764
08/12/13,19-Jan-13,12-Aug-13,Maandag,10802
08/13/13,20-Jan-13,13-Aug-13,Dinsdag,8410
08/14/13,21-Jan-13,14-Aug-13,Woensdag,7794
08/15/13,22-Jan-13,15-Aug-13,Donderdag,8176
08/16/13,23-Jan-13,16-Aug-13,Vrijdag,8139
08/18/13,24-Jan-13,18-Aug-13,Zondag,3705
08/19/13,25-Jan-13,19-Aug-13,Maandag,113
08/20/13,26-Jan-13,20-Aug-13,Dinsdag,8128
08/21/13,27-Jan-13,21-Aug-13,Woensdag,8035
08/22/13,28-Jan-13,22-Aug-13,Donderdag,8808
08/23/13,29-Jan-13,23-Aug-13,Vrijdag,88
08/25/13,30-Jan-13,25-Aug-13,Zondag,17
08/26/13,31-Jan-13,26-Aug-13,Maandag,36
08/27/13,1-Feb-13,27-Aug-13,Dinsdag,14172
08/28/13,2-Feb-13,28-Aug-13,Woensdag,8235
08/29/13,3-Feb-13,29-Aug-13,Donderdag,389
08/30/13,4-Feb-13,30-Aug-13,Vrijdag,50
09/01/13,5-Feb-13,1-Sep-13,Zondag,143
09/02/13,6-Feb-13,2-Sep-13,Maandag,89
09/03/13,7-Feb-13,3-Sep-13,Dinsdag,3125
09/04/13,8-Feb-13,4-Sep-13,Woensdag,8396
09/05/13,9-Feb-13,5-Sep-13,Donderdag,8096
09/06/13,10-Feb-13,6-Sep-13,Vrijdag,10064
09/08/13,11-Feb-13,8-Sep-13,Zondag,7087
09/09/13,12-Feb-13,9-Sep-13,Maandag,11082
09/10/13,13-Feb-13,10-Sep-13,Dinsdag,4700
09/11/13,14-Feb-13,11-Sep-13,Woensdag,76
09/12/13,15-Feb-13,12-Sep-13,Donderdag,8410
09/13/13,16-Feb-13,13-Sep-13,Vrijdag,8968
09/15/13,17-Feb-13,15-Sep-13,Zondag,7529
09/16/13,18-Feb-13,16-Sep-13,Maandag,12039
09/17/13,19-Feb-13,17-Sep-13,Dinsdag,9004
09/18/13,20-Feb-13,18-Sep-13,Woensdag,8953
09/19/13,21-Feb-13,19-Sep-13,Donderdag,7446
09/20/13,22-Feb-13,20-Sep-13,Vrijdag,9734
09/22/13,23-Feb-13,22-Sep-13,Zondag,7146
09/23/13,24-Feb-13,23-Sep-13,Maandag,9429
09/24/13,25-Feb-13,24-Sep-13,Dinsdag,8757
09/25/13,26-Feb-13,25-Sep-13,Woensdag,8990
09/26/13,27-Feb-13,26-Sep-13,Donderdag,8624
09/27/13,28-Feb-13,27-Sep-13,Vrijdag,9279
09/29/13,1-Mar-13,29-Sep-13,Zondag,7580
09/30/13,2-Mar-13,30-Sep-13,Maandag,11717
10/01/13,3-Mar-13,1-Oct-13,Dinsdag,9720
10/02/13,4-Mar-13,2-Oct-13,Woensdag,10642
10/03/13,5-Mar-13,3-Oct-13,Donderdag,9316
10/04/13,6-Mar-13,4-Oct-13,Vrijdag,8898
10/06/13,7-Mar-13,6-Oct-13,Zondag,7309
10/07/13,8-Mar-13,7-Oct-13,Maandag,10388
10/08/13,9-Mar-13,8-Oct-13,Dinsdag,8908
10/09/13,10-Mar-13,9-Oct-13,Woensdag,9738
10/10/13,11-Mar-13,10-Oct-13,Donderdag,8886
10/11/13,12-Mar-13,11-Oct-13,Vrijdag,9192
10/13/13,13-Mar-13,13-Oct-13,Zondag,8205
10/14/13,14-Mar-13,14-Oct-13,Maandag,10175
10/15/13,15-Mar-13,15-Oct-13,Dinsdag,9068
10/16/13,16-Mar-13,16-Oct-13,Woensdag,8838
10/17/13,17-Mar-13,17-Oct-13,Donderdag,8326
10/18/13,18-Mar-13,18-Oct-13,Vrijdag,8713
10/20/13,19-Mar-13,20-Oct-13,Zondag,6865
10/21/13,20-Mar-13,21-Oct-13,Maandag,11252
10/22/13,21-Mar-13,22-Oct-13,Dinsdag,9084
10/23/13,22-Mar-13,23-Oct-13,Woensdag,9693
10/24/13,23-Mar-13,24-Oct-13,Donderdag,8555
10/25/13,24-Mar-13,25-Oct-13,Vrijdag,9692
10/27/13,25-Mar-13,27-Oct-13,Zondag,8309
10/28/13,26-Mar-13,28-Oct-13,Maandag,11346
10/29/13,27-Mar-13,29-Oct-13,Dinsdag,9746
10/30/13,28-Mar-13,30-Oct-13,Woensdag,10080
10/31/13,29-Mar-13,31-Oct-13,Donderdag,9771
11/01/13,30-Mar-13,1-Nov-13,Vrijdag,9478
11/03/13,31-Mar-13,3-Nov-13,Zondag,7948
11/04/13,1-Apr-13,4-Nov-13,Maandag,10563
11/05/13,2-Apr-13,5-Nov-13,Dinsdag,9320
11/06/13,3-Apr-13,6-Nov-13,Woensdag,9077
11/07/13,4-Apr-13,7-Nov-13,Donderdag,8083
11/08/13,5-Apr-13,8-Nov-13,Vrijdag,9054
11/10/13,6-Apr-13,10-Nov-13,Zondag,8854
11/11/13,7-Apr-13,11-Nov-13,Maandag,8487
11/12/13,8-Apr-13,12-Nov-13,Dinsdag,9649
11/13/13,9-Apr-13,13-Nov-13,Woensdag,9233
11/14/13,10-Apr-13,14-Nov-13,Donderdag,8213
11/15/13,11-Apr-13,15-Nov-13,Vrijdag,8441
11/17/13,12-Apr-13,17-Nov-13,Zondag,7065
11/18/13,13-Apr-13,18-Nov-13,Maandag,11987
11/19/13,14-Apr-13,19-Nov-13,Dinsdag,10101
11/20/13,15-Apr-13,20-Nov-13,Woensdag,10144
11/21/13,16-Apr-13,21-Nov-13,Donderdag,8797
11/22/13,17-Apr-13,22-Nov-13,Vrijdag,8716
11/24/13,18-Apr-13,24-Nov-13,Zondag,7742
11/25/13,19-Apr-13,25-Nov-13,Maandag,13859
11/26/13,20-Apr-13,26-Nov-13,Dinsdag,8556
11/27/13,21-Apr-13,27-Nov-13,Woensdag,9850
11/28/13,22-Apr-13,28-Nov-13,Donderdag,9578
11/29/13,23-Apr-13,29-Nov-13,Vrijdag,9033
12/01/13,24-Apr-13,1-Dec-13,Zondag,10725
12/02/13,25-Apr-13,2-Dec-13,Maandag,12389
12/03/13,26-Apr-13,3-Dec-13,Dinsdag,11841
12/04/13,27-Apr-13,4-Dec-13,Woensdag,18286
12/05/13,28-Apr-13,5-Dec-13,Donderdag,9288
12/06/13,29-Apr-13,6-Dec-13,Vrijdag,9941
12/08/13,30-Apr-13,8-Dec-13,Zondag,15633
12/09/13,1-May-13,9-Dec-13,Maandag,20552
12/10/13,2-May-13,10-Dec-13,Dinsdag,19805
12/11/13,3-May-13,11-Dec-13,Woensdag,29656
12/12/13,4-May-13,12-Dec-13,Donderdag,23410
12/13/13,5-May-13,13-Dec-13,Vrijdag,26050
12/15/13,6-May-13,15-Dec-13,Zondag,44457
12/16/13,7-May-13,16-Dec-13,Maandag,43889
12/17/13,8-May-13,17-Dec-13,Dinsdag,44726
12/18/13,9-May-13,18-Dec-13,Woensdag,46923
12/19/13,10-May-13,19-Dec-13,Donderdag,41264
12/20/13,11-May-13,20-Dec-13,Vrijdag,42594
12/22/13,12-May-13,22-Dec-13,Zondag,43484
12/23/13,13-May-13,23-Dec-13,Maandag,28840
12/24/13,14-May-13,24-Dec-13,Dinsdag,7882
12/25/13,15-May-13,25-Dec-13,Woensdag,527
12/26/13,16-May-13,26-Dec-13,Donderdag,749
12/27/13,17-May-13,27-Dec-13,Vrijdag,12187
12/29/13,18-May-13,29-Dec-13,Zondag,12461
12/30/13,19-May-13,30-Dec-13,Maandag,12821
12/31/13,20-May-13,31-Dec-13,Dinsdag,4588
01/01/14,21-May-13,1-Jan-14,Woensdag,607
01/02/14,22-May-13,2-Jan-14,Donderdag,10420
01/03/14,23-May-13,3-Jan-14,Vrijdag,10975
01/05/14,24-May-13,5-Jan-14,Zondag,1151
01/06/14,25-May-13,6-Jan-14,Maandag,10100
01/07/14,26-May-13,7-Jan-14,Dinsdag,14930
01/08/14,27-May-13,8-Jan-14,Woensdag,8879
01/09/14,28-May-13,9-Jan-14,Donderdag,7695
01/10/14,29-May-13,10-Jan-14,Vrijdag,9023
01/12/14,30-May-13,12-Jan-14,Zondag,1140
01/13/14,31-May-13,13-Jan-14,Maandag,8944
01/14/14,1-Jun-13,14-Jan-14,Dinsdag,9744
01/15/14,2-Jun-13,15-Jan-14,Woensdag,9669
01/16/14,3-Jun-13,16-Jan-14,Donderdag,8183
01/17/14,4-Jun-13,17-Jan-14,Vrijdag,9777
01/19/14,5-Jun-13,19-Jan-14,Zondag,1251
01/20/14,6-Jun-13,20-Jan-14,Maandag,9612
01/21/14,7-Jun-13,21-Jan-14,Dinsdag,10218
01/22/14,8-Jun-13,22-Jan-14,Woensdag,10297
01/23/14,9-Jun-13,23-Jan-14,Donderdag,9324
01/24/14,10-Jun-13,24-Jan-14,Vrijdag,10200
01/26/14,11-Jun-13,26-Jan-14,Zondag,1186
01/27/14,12-Jun-13,27-Jan-14,Maandag,12299
01/28/14,13-Jun-13,28-Jan-14,Dinsdag,10791
01/29/14,14-Jun-13,29-Jan-14,Woensdag,10781
01/30/14,15-Jun-13,30-Jan-14,Donderdag,6931
01/31/14,16-Jun-13,31-Jan-14,Vrijdag,10131
02/02/14,17-Jun-13,2-Feb-14,Zondag,1201
02/03/14,18-Jun-13,3-Feb-14,Maandag,10026
02/04/14,19-Jun-13,4-Feb-14,Dinsdag,10292
02/05/14,20-Jun-13,5-Feb-14,Woensdag,9974
02/06/14,21-Jun-13,6-Feb-14,Donderdag,9375
02/07/14,22-Jun-13,7-Feb-14,Vrijdag,11928
02/09/14,23-Jun-13,9-Feb-14,Zondag,1459
02/10/14,24-Jun-13,10-Feb-14,Maandag,12203
02/11/14,25-Jun-13,11-Feb-14,Dinsdag,11562
02/12/14,26-Jun-13,12-Feb-14,Woensdag,16852
02/13/14,27-Jun-13,13-Feb-14,Donderdag,45940
02/14/14,28-Jun-13,14-Feb-14,Vrijdag,12576
02/16/14,29-Jun-13,16-Feb-14,Zondag,1159
02/17/14,30-Jun-13,17-Feb-14,Maandag,10899
02/18/14,1-Jul-13,18-Feb-14,Dinsdag,10252
02/19/14,2-Jul-13,19-Feb-14,Woensdag,10112
02/20/14,3-Jul-13,20-Feb-14,Donderdag,10771
02/21/14,4-Jul-13,21-Feb-14,Vrijdag,11001
02/23/14,5-Jul-13,23-Feb-14,Zondag,1121
02/24/14,6-Jul-13,24-Feb-14,Maandag,12069
02/25/14,7-Jul-13,25-Feb-14,Dinsdag,11472
02/26/14,8-Jul-13,26-Feb-14,Woensdag,11223
02/27/14,9-Jul-13,27-Feb-14,Donderdag,11711
02/28/14,10-Jul-13,28-Feb-14,Vrijdag,13032
03/02/14,11-Jul-13,2-Mar-14,Zondag,933
03/03/14,12-Jul-13,3-Mar-14,Maandag,13567
03/04/14,13-Jul-13,4-Mar-14,Dinsdag,13340
03/05/14,14-Jul-13,5-Mar-14,Woensdag,14580
03/06/14,15-Jul-13,6-Mar-14,Donderdag,9988
03/07/14,16-Jul-13,7-Mar-14,Vrijdag,11477
03/09/14,17-Jul-13,9-Mar-14,Zondag,715
03/10/14,18-Jul-13,10-Mar-14,Maandag,10878
03/11/14,19-Jul-13,11-Mar-14,Dinsdag,11021
03/12/14,20-Jul-13,12-Mar-14,Woensdag,10819
03/13/14,21-Jul-13,13-Mar-14,Donderdag,9381
03/14/14,22-Jul-13,14-Mar-14,Vrijdag,11419
03/16/14,23-Jul-13,16-Mar-14,Zondag,951
03/17/14,24-Jul-13,17-Mar-14,Maandag,11635
03/18/14,25-Jul-13,18-Mar-14,Dinsdag,11424
03/19/14,26-Jul-13,19-Mar-14,Woensdag,10953
03/20/14,27-Jul-13,20-Mar-14,Donderdag,9624
03/21/14,28-Jul-13,21-Mar-14,Vrijdag,12647
03/23/14,29-Jul-13,23-Mar-14,Zondag,1184
03/24/14,30-Jul-13,24-Mar-14,Maandag,12475
03/25/14,31-Jul-13,25-Mar-14,Dinsdag,13390
03/26/14,1-Aug-13,26-Mar-14,Woensdag,13694
03/27/14,2-Aug-13,27-Mar-14,Donderdag,12268
03/28/14,3-Aug-13,28-Mar-14,Vrijdag,13024
03/30/14,4-Aug-13,30-Mar-14,Zondag,917
03/31/14,5-Aug-13,31-Mar-14,Maandag,16479
04/01/14,6-Aug-13,1-Apr-14,Dinsdag,9787
04/02/14,7-Aug-13,2-Apr-14,Woensdag,10280
04/03/14,8-Aug-13,3-Apr-14,Donderdag,9580
04/04/14,9-Aug-13,4-Apr-14,Vrijdag,11921
04/06/14,10-Aug-13,6-Apr-14,Zondag,935
04/07/14,11-Aug-13,7-Apr-14,Maandag,12177
04/08/14,12-Aug-13,8-Apr-14,Dinsdag,14795
04/09/14,13-Aug-13,9-Apr-14,Woensdag,10969
04/10/14,14-Aug-13,10-Apr-14,Donderdag,9604
04/11/14,15-Aug-13,11-Apr-14,Vrijdag,11048
04/13/14,16-Aug-13,13-Apr-14,Zondag,991
04/14/14,17-Aug-13,14-Apr-14,Maandag,11510
04/15/14,18-Aug-13,15-Apr-14,Dinsdag,11337
04/16/14,19-Aug-13,16-Apr-14,Woensdag,11367
04/17/14,20-Aug-13,17-Apr-14,Donderdag,11245
04/18/14,21-Aug-13,18-Apr-14,Vrijdag,12670
04/20/14,22-Aug-13,20-Apr-14,Zondag,5
04/21/14,23-Aug-13,21-Apr-14,Maandag,8415
04/22/14,24-Aug-13,22-Apr-14,Dinsdag,11363
04/23/14,25-Aug-13,23-Apr-14,Woensdag,11493
04/24/14,26-Aug-13,24-Apr-14,Donderdag,11363
04/25/14,27-Aug-13,25-Apr-14,Vrijdag,8152
04/26/14,28-Aug-13,26-Apr-14,Zaterdag,8
04/27/14,29-Aug-13,27-Apr-14,Zondag,766
04/28/14,30-Aug-13,28-Apr-14,Maandag,11002
04/29/14,31-Aug-13,29-Apr-14,Dinsdag,10923
04/30/14,1-Sep-13,30-Apr-14,Woensdag,10060
05/01/14,2-Sep-13,1-May-14,Donderdag,9890
05/02/14,3-Sep-13,2-May-14,Vrijdag,11131
05/03/14,4-Sep-13,3-May-14,Zaterdag,23
05/04/14,5-Sep-13,4-May-14,Zondag,751
05/05/14,6-Sep-13,5-May-14,Maandag,10092
05/06/14,7-Sep-13,6-May-14,Dinsdag,9510
05/07/14,8-Sep-13,7-May-14,Woensdag,13713
05/08/14,9-Sep-13,8-May-14,Donderdag,16762
05/09/14,10-Sep-13,9-May-14,Vrijdag,41035
05/10/14,11-Sep-13,10-May-14,Zaterdag,9328
05/11/14,12-Sep-13,11-May-14,Zondag,1258
05/12/14,13-Sep-13,12-May-14,Maandag,10674
05/13/14,14-Sep-13,13-May-14,Dinsdag,9954
05/14/14,15-Sep-13,14-May-14,Woensdag,10832
05/15/14,16-Sep-13,15-May-14,Donderdag,9272
05/16/14,17-Sep-13,16-May-14,Vrijdag,9586
05/18/14,18-Sep-13,18-May-14,Zondag,829
05/19/14,19-Sep-13,19-May-14,Maandag,9178
05/20/14,20-Sep-13,20-May-14,Dinsdag,9239
05/21/14,21-Sep-13,21-May-14,Woensdag,9725
05/22/14,22-Sep-13,22-May-14,Donderdag,8974
05/23/14,23-Sep-13,23-May-14,Vrijdag,10527
05/25/14,24-Sep-13,25-May-14,Zondag,879
05/26/14,25-Sep-13,26-May-14,Maandag,13739
05/27/14,26-Sep-13,27-May-14,Dinsdag,12367
05/28/14,27-Sep-13,28-May-14,Woensdag,9411
05/29/14,28-Sep-13,29-May-14,Donderdag,308
05/30/14,29-Sep-13,30-May-14,Vrijdag,9476
06/01/14,30-Sep-13,1-Jun-14,Zondag,776
06/02/14,1-Oct-13,2-Jun-14,Maandag,8506
06/03/14,2-Oct-13,3-Jun-14,Dinsdag,9562
06/04/14,3-Oct-13,4-Jun-14,Woensdag,9417
06/05/14,4-Oct-13,5-Jun-14,Donderdag,8491
06/06/14,5-Oct-13,6-Jun-14,Vrijdag,7530
06/07/14,6-Oct-13,7-Jun-14,Zaterdag,22
06/08/14,7-Oct-13,8-Jun-14,Zondag,11
06/09/14,8-Oct-13,9-Jun-14,Maandag,5840
06/10/14,9-Oct-13,10-Jun-14,Dinsdag,8835
06/11/14,10-Oct-13,11-Jun-14,Woensdag,11467
06/12/14,11-Oct-13,12-Jun-14,Donderdag,13661
06/13/14,12-Oct-13,13-Jun-14,Vrijdag,16501
06/14/14,13-Oct-13,14-Jun-14,Zaterdag,4129
06/15/14,14-Oct-13,15-Jun-14,Zondag,1407
06/16/14,15-Oct-13,16-Jun-14,Maandag,9516
06/17/14,16-Oct-13,17-Jun-14,Dinsdag,8580
06/18/14,17-Oct-13,18-Jun-14,Woensdag,7433
06/19/14,18-Oct-13,19-Jun-14,Donderdag,9334
06/20/14,19-Oct-13,20-Jun-14,Vrijdag,10060
06/22/14,20-Oct-13,22-Jun-14,Zondag,833
06/23/14,21-Oct-13,23-Jun-14,Maandag,8153
06/24/14,22-Oct-13,24-Jun-14,Dinsdag,8765
06/25/14,23-Oct-13,25-Jun-14,Woensdag,9472
06/26/14,24-Oct-13,26-Jun-14,Donderdag,9206
06/27/14,25-Oct-13,27-Jun-14,Vrijdag,9822
06/29/14,26-Oct-13,29-Jun-14,Zondag,797
06/30/14,27-Oct-13,30-Jun-14,Maandag,9454
07/01/14,28-Oct-13,1-Jul-14,Dinsdag,10080
07/02/14,29-Oct-13,2-Jul-14,Woensdag,9754
07/03/14,30-Oct-13,3-Jul-14,Donderdag,8452
07/04/14,31-Oct-13,4-Jul-14,Vrijdag,9491
07/06/14,1-Nov-13,6-Jul-14,Zondag,821
07/07/14,2-Nov-13,7-Jul-14,Maandag,9352
07/08/14,3-Nov-13,8-Jul-14,Dinsdag,9811
07/09/14,4-Nov-13,9-Jul-14,Woensdag,9737
07/10/14,5-Nov-13,10-Jul-14,Donderdag,8035
07/11/14,6-Nov-13,11-Jul-14,Vrijdag,8739
07/13/14,7-Nov-13,13-Jul-14,Zondag,784
07/14/14,8-Nov-13,14-Jul-14,Maandag,10061
07/15/14,9-Nov-13,15-Jul-14,Dinsdag,8023
07/16/14,10-Nov-13,16-Jul-14,Woensdag,7371
07/17/14,11-Nov-13,17-Jul-14,Donderdag,6608
07/18/14,12-Nov-13,18-Jul-14,Vrijdag,7814
07/20/14,13-Nov-13,20-Jul-14,Zondag,664
07/21/14,14-Nov-13,21-Jul-14,Maandag,8464
07/22/14,15-Nov-13,22-Jul-14,Dinsdag,7082
07/23/14,16-Nov-13,23-Jul-14,Woensdag,6638
07/24/14,17-Nov-13,24-Jul-14,Donderdag,8022
07/25/14,18-Nov-13,25-Jul-14,Vrijdag,8519
07/27/14,19-Nov-13,27-Jul-14,Zondag,658
07/28/14,20-Nov-13,28-Jul-14,Maandag,8805
07/29/14,21-Nov-13,29-Jul-14,Dinsdag,8726
07/30/14,22-Nov-13,30-Jul-14,Woensdag,8201
07/31/14,23-Nov-13,31-Jul-14,Donderdag,7467
08/01/14,24-Nov-13,1-Aug-14,Vrijdag,8420
08/03/14,25-Nov-13,3-Aug-14,Zondag,609
08/04/14,26-Nov-13,4-Aug-14,Maandag,7660
08/05/14,27-Nov-13,5-Aug-14,Dinsdag,8574
08/06/14,28-Nov-13,6-Aug-14,Woensdag,7756
08/07/14,29-Nov-13,7-Aug-14,Donderdag,7384
08/08/14,30-Nov-13,8-Aug-14,Vrijdag,8251
08/10/14,1-Dec-13,10-Aug-14,Zondag,648
08/11/14,2-Dec-13,11-Aug-14,Maandag,7973
08/12/14,3-Dec-13,12-Aug-14,Dinsdag,8488
08/13/14,4-Dec-13,13-Aug-14,Woensdag,7925
08/14/14,5-Dec-13,14-Aug-14,Donderdag,8434
08/15/14,6-Dec-13,15-Aug-14,Vrijdag,8959
08/17/14,7-Dec-13,17-Aug-14,Zondag,728
08/18/14,8-Dec-13,18-Aug-14,Maandag,8306
08/19/14,9-Dec-13,19-Aug-14,Dinsdag,8414
08/20/14,10-Dec-13,20-Aug-14,Woensdag,8071
08/21/14,11-Dec-13,21-Aug-14,Donderdag,8060
08/22/14,12-Dec-13,22-Aug-14,Vrijdag,9079
08/24/14,13-Dec-13,24-Aug-14,Zondag,714
08/25/14,14-Dec-13,25-Aug-14,Maandag,10387
08/26/14,15-Dec-13,26-Aug-14,Dinsdag,9336
08/27/14,16-Dec-13,27-Aug-14,Woensdag,7965
08/28/14,17-Dec-13,28-Aug-14,Donderdag,8984
08/29/14,18-Dec-13,29-Aug-14,Vrijdag,12075
08/31/14,19-Dec-13,31-Aug-14,Zondag,774
09/01/14,20-Dec-13,1-Sep-14,Maandag,9025
09/02/14,21-Dec-13,2-Sep-14,Dinsdag,7899
09/03/14,22-Dec-13,3-Sep-14,Woensdag,8071
09/04/14,23-Dec-13,4-Sep-14,Donderdag,8134
09/05/14,24-Dec-13,5-Sep-14,Vrijdag,8889
09/07/14,25-Dec-13,7-Sep-14,Zondag,714
09/08/14,26-Dec-13,8-Sep-14,Maandag,10328
09/09/14,27-Dec-13,9-Sep-14,Dinsdag,8923
09/10/14,28-Dec-13,10-Sep-14,Woensdag,9434
09/11/14,29-Dec-13,11-Sep-14,Donderdag,8780
09/12/14,30-Dec-13,12-Sep-14,Vrijdag,8264
09/14/14,31-Dec-13,14-Sep-14,Zondag,700
09/15/14,1-Jan-14,15-Sep-14,Maandag,8742
09/16/14,2-Jan-14,16-Sep-14,Dinsdag,8051
09/17/14,3-Jan-14,17-Sep-14,Woensdag,11173
09/18/14,4-Jan-14,18-Sep-14,Donderdag,6916
09/19/14,5-Jan-14,19-Sep-14,Vrijdag,7839
09/21/14,6-Jan-14,21-Sep-14,Zondag,1070
09/22/14,7-Jan-14,22-Sep-14,Maandag,9204
09/23/14,8-Jan-14,23-Sep-14,Dinsdag,8815
09/24/14,9-Jan-14,24-Sep-14,Woensdag,8969
09/25/14,10-Jan-14,25-Sep-14,Donderdag,8474
09/26/14,11-Jan-14,26-Sep-14,Vrijdag,9459
09/28/14,12-Jan-14,28-Sep-14,Zondag,970
09/29/14,13-Jan-14,29-Sep-14,Maandag,10252
09/30/14,14-Jan-14,30-Sep-14,Dinsdag,8872
10/01/14,15-Jan-14,1-Oct-14,Woensdag,8827
10/02/14,16-Jan-14,2-Oct-14,Donderdag,8890
10/03/14,17-Jan-14,3-Oct-14,Vrijdag,9340
10/05/14,18-Jan-14,5-Oct-14,Zondag,877
10/06/14,19-Jan-14,6-Oct-14,Maandag,9455
10/07/14,20-Jan-14,7-Oct-14,Dinsdag,10156
10/08/14,21-Jan-14,8-Oct-14,Woensdag,9879
10/09/14,22-Jan-14,9-Oct-14,Donderdag,8629
10/10/14,23-Jan-14,10-Oct-14,Vrijdag,8949
10/12/14,24-Jan-14,12-Oct-14,Zondag,715
10/13/14,25-Jan-14,13-Oct-14,Maandag,8277
10/14/14,26-Jan-14,14-Oct-14,Dinsdag,8518
10/15/14,27-Jan-14,15-Oct-14,Woensdag,8074
10/16/14,28-Jan-14,16-Oct-14,Donderdag,7614
10/17/14,29-Jan-14,17-Oct-14,Vrijdag,8664
10/19/14,30-Jan-14,19-Oct-14,Zondag,725
10/20/14,31-Jan-14,20-Oct-14,Maandag,8386
10/21/14,1-Feb-14,21-Oct-14,Dinsdag,16749
10/22/14,2-Feb-14,22-Oct-14,Woensdag,7936
10/23/14,3-Feb-14,23-Oct-14,Donderdag,8684
10/24/14,4-Feb-14,24-Oct-14,Vrijdag,8384
10/26/14,5-Feb-14,26-Oct-14,Zondag,932
10/27/14,6-Feb-14,27-Oct-14,Maandag,8147
10/28/14,7-Feb-14,28-Oct-14,Dinsdag,9755
10/29/14,8-Feb-14,29-Oct-14,Woensdag,9085
10/30/14,9-Feb-14,30-Oct-14,Donderdag,8947
10/31/14,10-Feb-14,31-Oct-14,Vrijdag,9018
11/02/14,11-Feb-14,2-Nov-14,Zondag,810
11/03/14,12-Feb-14,3-Nov-14,Maandag,8194
11/04/14,13-Feb-14,4-Nov-14,Dinsdag,9294
11/05/14,14-Feb-14,5-Nov-14,Woensdag,7928
11/06/14,15-Feb-14,6-Nov-14,Donderdag,8577
11/07/14,16-Feb-14,7-Nov-14,Vrijdag,8987
11/09/14,17-Feb-14,9-Nov-14,Zondag,748
11/10/14,18-Feb-14,10-Nov-14,Maandag,8317
11/11/14,19-Feb-14,11-Nov-14,Dinsdag,10122
11/12/14,20-Feb-14,12-Nov-14,Woensdag,8853
11/13/14,21-Feb-14,13-Nov-14,Donderdag,7890
11/14/14,22-Feb-14,14-Nov-14,Vrijdag,8566
11/16/14,23-Feb-14,16-Nov-14,Zondag,890
11/17/14,24-Feb-14,17-Nov-14,Maandag,8953
11/18/14,25-Feb-14,18-Nov-14,Dinsdag,9118
11/19/14,26-Feb-14,19-Nov-14,Woensdag,8594
11/20/14,27-Feb-14,20-Nov-14,Donderdag,8301
11/21/14,28-Feb-14,21-Nov-14,Vrijdag,7889
11/23/14,1-Mar-14,23-Nov-14,Zondag,867
11/24/14,2-Mar-14,24-Nov-14,Maandag,10168
11/25/14,3-Mar-14,25-Nov-14,Dinsdag,9824
11/26/14,4-Mar-14,26-Nov-14,Woensdag,10740
11/27/14,5-Mar-14,27-Nov-14,Donderdag,10823
11/28/14,6-Mar-14,28-Nov-14,Vrijdag,9876
11/30/14,7-Mar-14,30-Nov-14,Zondag,1183
12/01/14,8-Mar-14,1-Dec-14,Maandag,13823
12/02/14,9-Mar-14,2-Dec-14,Dinsdag,15059
12/03/14,10-Mar-14,3-Dec-14,Woensdag,14457
12/04/14,11-Mar-14,4-Dec-14,Donderdag,15784
12/05/14,12-Mar-14,5-Dec-14,Vrijdag,12916
12/07/14,13-Mar-14,7-Dec-14,Zondag,1368
12/08/14,14-Mar-14,8-Dec-14,Maandag,19351
12/09/14,15-Mar-14,9-Dec-14,Dinsdag,21516
12/10/14,16-Mar-14,10-Dec-14,Woensdag,23471
12/11/14,17-Mar-14,11-Dec-14,Donderdag,26268
12/12/14,18-Mar-14,12-Dec-14,Vrijdag,28075
12/14/14,19-Mar-14,14-Dec-14,Zondag,2942
12/15/14,20-Mar-14,15-Dec-14,Maandag,40281
12/16/14,21-Mar-14,16-Dec-14,Dinsdag,36407
12/17/14,22-Mar-14,17-Dec-14,Woensdag,42900
12/18/14,23-Mar-14,18-Dec-14,Donderdag,42726
12/19/14,24-Mar-14,19-Dec-14,Vrijdag,41788
12/21/14,25-Mar-14,21-Dec-14,Zondag,5401
12/22/14,26-Mar-14,22-Dec-14,Maandag,44229
12/23/14,27-Mar-14,23-Dec-14,Dinsdag,25392
12/24/14,28-Mar-14,24-Dec-14,Woensdag,9219
12/25/14,29-Mar-14,25-Dec-14,Donderdag,56
12/26/14,30-Mar-14,26-Dec-14,Vrijdag,114
12/28/14,31-Mar-14,28-Dec-14,Zondag,1240
12/29/14,1-Apr-14,29-Dec-14,Maandag,14340
12/30/14,2-Apr-14,30-Dec-14,Dinsdag,10753
12/31/14,3-Apr-14,31-Dec-14,Woensdag,5271
01/01/15,4-Apr-14,1-Jan-15,Donderdag,127
01/02/15,5-Apr-14,2-Jan-15,Vrijdag,9647
01/04/15,6-Apr-14,4-Jan-15,Zondag,973
01/05/15,7-Apr-14,5-Jan-15,Maandag,8422
01/06/15,8-Apr-14,6-Jan-15,Dinsdag,8987
01/07/15,9-Apr-14,7-Jan-15,Woensdag,8362
01/08/15,10-Apr-14,8-Jan-15,Donderdag,8091
01/09/15,11-Apr-14,9-Jan-15,Vrijdag,8591
01/11/15,12-Apr-14,11-Jan-15,Zondag,951
01/12/15,13-Apr-14,12-Jan-15,Maandag,12329
01/13/15,14-Apr-14,13-Jan-15,Dinsdag,9626
01/14/15,15-Apr-14,14-Jan-15,Woensdag,10251
01/15/15,16-Apr-14,15-Jan-15,Donderdag,8707
01/16/15,17-Apr-14,16-Jan-15,Vrijdag,8886
01/18/15,18-Apr-14,18-Jan-15,Zondag,946
01/19/15,19-Apr-14,19-Jan-15,Maandag,12113
01/20/15,20-Apr-14,20-Jan-15,Dinsdag,7692
01/21/15,21-Apr-14,21-Jan-15,Woensdag,8921
01/22/15,22-Apr-14,22-Jan-15,Donderdag,8012
01/23/15,23-Apr-14,23-Jan-15,Vrijdag,9029
01/25/15,24-Apr-14,25-Jan-15,Zondag,1070
01/26/15,25-Apr-14,26-Jan-15,Maandag,9407
01/27/15,26-Apr-14,27-Jan-15,Dinsdag,9777
01/28/15,27-Apr-14,28-Jan-15,Woensdag,9523
01/29/15,28-Apr-14,29-Jan-15,Donderdag,7701
01/30/15,29-Apr-14,30-Jan-15,Vrijdag,9827
02/01/15,30-Apr-14,1-Feb-15,Zondag,1359
02/02/15,1-May-14,2-Feb-15,Maandag,9799
02/03/15,2-May-14,3-Feb-15,Dinsdag,8822
02/04/15,3-May-14,4-Feb-15,Woensdag,9561
02/05/15,4-May-14,5-Feb-15,Donderdag,8280
02/06/15,5-May-14,6-Feb-15,Vrijdag,8933
02/08/15,6-May-14,8-Feb-15,Zondag,1294
02/09/15,7-May-14,9-Feb-15,Maandag,10981
02/10/15,8-May-14,10-Feb-15,Dinsdag,9923
02/11/15,9-May-14,11-Feb-15,Woensdag,11142
02/12/15,10-May-14,12-Feb-15,Donderdag,16244
02/13/15,11-May-14,13-Feb-15,Vrijdag,41618
02/15/15,12-May-14,15-Feb-15,Zondag,832
02/16/15,13-May-14,16-Feb-15,Maandag,7712
02/17/15,14-May-14,17-Feb-15,Dinsdag,8338
02/18/15,15-May-14,18-Feb-15,Woensdag,8021
02/19/15,16-May-14,19-Feb-15,Donderdag,9166
02/20/15,17-May-14,20-Feb-15,Vrijdag,10292
02/22/15,18-May-14,22-Feb-15,Zondag,977
02/23/15,19-May-14,23-Feb-15,Maandag,8999
02/24/15,20-May-14,24-Feb-15,Dinsdag,15450
02/25/15,21-May-14,25-Feb-15,Woensdag,9145
02/26/15,22-May-14,26-Feb-15,Donderdag,8769
02/27/15,23-May-14,27-Feb-15,Vrijdag,9447
03/01/15,24-May-14,1-Mar-15,Zondag,1045
03/02/15,25-May-14,2-Mar-15,Maandag,9680
03/03/15,26-May-14,3-Mar-15,Dinsdag,10187
03/04/15,27-May-14,4-Mar-15,Woensdag,9389
03/05/15,28-May-14,5-Mar-15,Donderdag,7980
03/06/15,29-May-14,6-Mar-15,Vrijdag,8832
03/08/15,30-May-14,8-Mar-15,Zondag,770
03/09/15,31-May-14,9-Mar-15,Maandag,9395
03/10/15,1-Jun-14,10-Mar-15,Dinsdag,8146
03/11/15,2-Jun-14,11-Mar-15,Woensdag,8350
03/12/15,3-Jun-14,12-Mar-15,Donderdag,7806
03/13/15,4-Jun-14,13-Mar-15,Vrijdag,8883
03/15/15,5-Jun-14,15-Mar-15,Zondag,919
03/16/15,6-Jun-14,16-Mar-15,Maandag,10440
03/17/15,7-Jun-14,17-Mar-15,Dinsdag,8455
03/18/15,8-Jun-14,18-Mar-15,Woensdag,8469
03/19/15,9-Jun-14,19-Mar-15,Donderdag,11242
03/20/15,10-Jun-14,20-Mar-15,Vrijdag,9158
03/22/15,11-Jun-14,22-Mar-15,Zondag,930
03/23/15,12-Jun-14,23-Mar-15,Maandag,8345
03/24/15,13-Jun-14,24-Mar-15,Dinsdag,9114
03/25/15,14-Jun-14,25-Mar-15,Woensdag,9331
03/26/15,15-Jun-14,26-Mar-15,Donderdag,8157
03/27/15,16-Jun-14,27-Mar-15,Vrijdag,9276
03/29/15,17-Jun-14,29-Mar-15,Zondag,1058
03/30/15,18-Jun-14,30-Mar-15,Maandag,10115
03/31/15,19-Jun-14,31-Mar-15,Dinsdag,9515
04/01/15,20-Jun-14,1-Apr-15,Woensdag,9150
04/02/15,21-Jun-14,2-Apr-15,Donderdag,9037
04/03/15,22-Jun-14,3-Apr-15,Vrijdag,9717
04/05/15,23-Jun-14,5-Apr-15,Zondag,2
04/06/15,24-Jun-14,6-Apr-15,Maandag,6589
04/07/15,25-Jun-14,7-Apr-15,Dinsdag,8846
04/08/15,26-Jun-14,8-Apr-15,Woensdag,10329
04/09/15,27-Jun-14,9-Apr-15,Donderdag,8799
04/10/15,28-Jun-14,10-Apr-15,Vrijdag,8336
04/12/15,29-Jun-14,12-Apr-15,Zondag,960
04/13/15,30-Jun-14,13-Apr-15,Maandag,8231
04/14/15,1-Jul-14,14-Apr-15,Dinsdag,7726
04/15/15,2-Jul-14,15-Apr-15,Woensdag,8582
04/16/15,3-Jul-14,16-Apr-15,Donderdag,8091
04/17/15,4-Jul-14,17-Apr-15,Vrijdag,8660
04/18/15,5-Jul-14,18-Apr-15,Zaterdag,44
04/19/15,6-Jul-14,19-Apr-15,Zondag,1404
04/20/15,7-Jul-14,20-Apr-15,Maandag,8845
04/21/15,8-Jul-14,21-Apr-15,Dinsdag,9345
04/22/15,9-Jul-14,22-Apr-15,Woensdag,9058
04/23/15,10-Jul-14,23-Apr-15,Donderdag,7448
04/24/15,11-Jul-14,24-Apr-15,Vrijdag,8536
04/25/15,12-Jul-14,25-Apr-15,Zaterdag,150
04/26/15,13-Jul-14,26-Apr-15,Zondag,172
04/27/15,14-Jul-14,27-Apr-15,Maandag,4740
04/28/15,15-Jul-14,28-Apr-15,Dinsdag,8711
04/29/15,16-Jul-14,29-Apr-15,Woensdag,9127
04/30/15,17-Jul-14,30-Apr-15,Donderdag,9075
05/01/15,18-Jul-14,1-May-15,Vrijdag,8853
05/03/15,19-Jul-14,3-May-15,Zondag,1417
05/04/15,20-Jul-14,4-May-15,Maandag,7587
05/05/15,21-Jul-14,5-May-15,Dinsdag,315
05/06/15,22-Jul-14,6-May-15,Woensdag,9171
05/07/15,23-Jul-14,7-May-15,Donderdag,11407
05/08/15,24-Jul-14,8-May-15,Vrijdag,24231
05/09/15,25-Jul-14,9-May-15,Zaterdag,12258
05/10/15,26-Jul-14,10-May-15,Zondag,1100
05/11/15,27-Jul-14,11-May-15,Maandag,7883
05/12/15,28-Jul-14,12-May-15,Dinsdag,9226
05/13/15,29-Jul-14,13-May-15,Woensdag,7450
05/14/15,30-Jul-14,14-May-15,Donderdag,39
05/15/15,31-Jul-14,15-May-15,Vrijdag,9037
05/17/15,1-Aug-14,17-May-15,Zondag,1091
05/18/15,2-Aug-14,18-May-15,Maandag,9043
05/19/15,3-Aug-14,19-May-15,Dinsdag,11760
05/20/15,4-Aug-14,20-May-15,Woensdag,8104
05/21/15,5-Aug-14,21-May-15,Donderdag,7480
05/22/15,6-Aug-14,22-May-15,Vrijdag,9611
05/25/15,7-Aug-14,25-May-15,Maandag,5124
05/26/15,8-Aug-14,26-May-15,Dinsdag,10463
05/27/15,9-Aug-14,27-May-15,Woensdag,9729
05/28/15,10-Aug-14,28-May-15,Donderdag,10470
05/29/15,11-Aug-14,29-May-15,Vrijdag,10447
05/30/15,12-Aug-14,30-May-15,Zaterdag,99
05/31/15,13-Aug-14,31-May-15,Zondag,1306
06/01/15,14-Aug-14,1-Jun-15,Maandag,7905
06/02/15,15-Aug-14,2-Jun-15,Dinsdag,7831
06/03/15,16-Aug-14,3-Jun-15,Woensdag,8472
06/04/15,17-Aug-14,4-Jun-15,Donderdag,6639
06/05/15,18-Aug-14,5-Jun-15,Vrijdag,7308
06/06/15,19-Aug-14,6-Jun-15,Zaterdag,120
06/07/15,20-Aug-14,7-Jun-15,Zondag,1185
06/08/15,21-Aug-14,8-Jun-15,Maandag,8537
06/09/15,22-Aug-14,9-Jun-15,Dinsdag,8150
06/10/15,23-Aug-14,10-Jun-15,Woensdag,8829
06/11/15,24-Aug-14,11-Jun-15,Donderdag,13371
06/12/15,25-Aug-14,12-Jun-15,Vrijdag,10655
06/13/15,26-Aug-14,13-Jun-15,Zaterdag,187
06/14/15,27-Aug-14,14-Jun-15,Zondag,1377
06/15/15,28-Aug-14,15-Jun-15,Maandag,10069
06/16/15,29-Aug-14,16-Jun-15,Dinsdag,8876
06/17/15,30-Aug-14,17-Jun-15,Woensdag,8951
06/18/15,31-Aug-14,18-Jun-15,Donderdag,10616
06/19/15,1-Sep-14,19-Jun-15,Vrijdag,15673
06/20/15,2-Sep-14,20-Jun-15,Zaterdag,4820
06/21/15,3-Sep-14,21-Jun-15,Zondag,1380
06/22/15,4-Sep-14,22-Jun-15,Maandag,9457
06/23/15,5-Sep-14,23-Jun-15,Dinsdag,9396
06/24/15,6-Sep-14,24-Jun-15,Woensdag,9806
06/25/15,7-Sep-14,25-Jun-15,Donderdag,8113
06/26/15,8-Sep-14,26-Jun-15,Vrijdag,8849
06/27/15,9-Sep-14,27-Jun-15,Zaterdag,136
06/28/15,10-Sep-14,28-Jun-15,Zondag,1238
06/29/15,11-Sep-14,29-Jun-15,Maandag,10147
06/30/15,12-Sep-14,30-Jun-15,Dinsdag,8656
07/01/15,13-Sep-14,1-Jul-15,Woensdag,7570
07/02/15,14-Sep-14,2-Jul-15,Donderdag,7830
07/03/15,15-Sep-14,3-Jul-15,Vrijdag,8332
07/04/15,16-Sep-14,4-Jul-15,Zaterdag,152
07/05/15,17-Sep-14,5-Jul-15,Zondag,991
07/06/15,18-Sep-14,6-Jul-15,Maandag,8810
07/07/15,19-Sep-14,7-Jul-15,Dinsdag,8604
07/08/15,20-Sep-14,8-Jul-15,Woensdag,8875
07/09/15,21-Sep-14,9-Jul-15,Donderdag,7343
07/10/15,22-Sep-14,10-Jul-15,Vrijdag,7932
07/11/15,23-Sep-14,11-Jul-15,Zaterdag,112
07/12/15,24-Sep-14,12-Jul-15,Zondag,1015
07/13/15,25-Sep-14,13-Jul-15,Maandag,8924
07/14/15,26-Sep-14,14-Jul-15,Dinsdag,8472
07/15/15,27-Sep-14,15-Jul-15,Woensdag,8552
07/16/15,28-Sep-14,16-Jul-15,Donderdag,6705
07/17/15,29-Sep-14,17-Jul-15,Vrijdag,8049
07/18/15,30-Sep-14,18-Jul-15,Zaterdag,108
07/19/15,1-Oct-14,19-Jul-15,Zondag,1438
07/20/15,2-Oct-14,20-Jul-15,Maandag,8460
07/21/15,3-Oct-14,21-Jul-15,Dinsdag,6790
07/22/15,4-Oct-14,22-Jul-15,Woensdag,6926
07/23/15,5-Oct-14,23-Jul-15,Donderdag,7387
07/24/15,6-Oct-14,24-Jul-15,Vrijdag,7157
07/25/15,7-Oct-14,25-Jul-15,Zaterdag,125
07/26/15,8-Oct-14,26-Jul-15,Zondag,868
07/27/15,9-Oct-14,27-Jul-15,Maandag,7460
07/28/15,10-Oct-14,28-Jul-15,Dinsdag,9560
07/29/15,11-Oct-14,29-Jul-15,Woensdag,6942
07/30/15,12-Oct-14,30-Jul-15,Donderdag,7210
07/31/15,13-Oct-14,31-Jul-15,Vrijdag,7085
08/01/15,14-Oct-14,1-Aug-15,Zaterdag,123
08/02/15,15-Oct-14,2-Aug-15,Zondag,755
08/03/15,16-Oct-14,3-Aug-15,Maandag,6586
08/04/15,17-Oct-14,4-Aug-15,Dinsdag,7459
08/05/15,18-Oct-14,5-Aug-15,Woensdag,6800
08/06/15,19-Oct-14,6-Aug-15,Donderdag,6969
08/07/15,20-Oct-14,7-Aug-15,Vrijdag,7840
08/08/15,21-Oct-14,8-Aug-15,Zaterdag,106
08/09/15,22-Oct-14,9-Aug-15,Zondag,886
08/10/15,23-Oct-14,10-Aug-15,Maandag,10806
08/11/15,24-Oct-14,11-Aug-15,Dinsdag,8053
08/12/15,25-Oct-14,12-Aug-15,Woensdag,8069
08/13/15,26-Oct-14,13-Aug-15,Donderdag,9408
08/14/15,27-Oct-14,14-Aug-15,Vrijdag,9350
08/15/15,28-Oct-14,15-Aug-15,Zaterdag,108
08/16/15,29-Oct-14,16-Aug-15,Zondag,1470
08/17/15,30-Oct-14,17-Aug-15,Maandag,8778
08/18/15,31-Oct-14,18-Aug-15,Dinsdag,9597
08/19/15,1-Nov-14,19-Aug-15,Woensdag,8030
08/20/15,2-Nov-14,20-Aug-15,Donderdag,7990
08/21/15,3-Nov-14,21-Aug-15,Vrijdag,8498
08/22/15,4-Nov-14,22-Aug-15,Zaterdag,108
08/23/15,5-Nov-14,23-Aug-15,Zondag,1517
08/24/15,6-Nov-14,24-Aug-15,Maandag,10198
08/25/15,7-Nov-14,25-Aug-15,Dinsdag,10202
08/26/15,8-Nov-14,26-Aug-15,Woensdag,9481
08/27/15,9-Nov-14,27-Aug-15,Donderdag,9302
08/28/15,10-Nov-14,28-Aug-15,Vrijdag,9368
08/29/15,11-Nov-14,29-Aug-15,Zaterdag,161
08/30/15,12-Nov-14,30-Aug-15,Zondag,1759
08/31/15,13-Nov-14,31-Aug-15,Maandag,11350
09/01/15,14-Nov-14,1-Sep-15,Dinsdag,8200
09/02/15,15-Nov-14,2-Sep-15,Woensdag,9006
09/03/15,16-Nov-14,3-Sep-15,Donderdag,8752
09/04/15,17-Nov-14,4-Sep-15,Vrijdag,9540
09/05/15,18-Nov-14,5-Sep-15,Zaterdag,134
09/06/15,19-Nov-14,6-Sep-15,Zondag,1632
09/07/15,20-Nov-14,7-Sep-15,Maandag,9004
09/08/15,21-Nov-14,8-Sep-15,Dinsdag,9399
09/09/15,22-Nov-14,9-Sep-15,Woensdag,8121
09/10/15,23-Nov-14,10-Sep-15,Donderdag,8875
09/11/15,24-Nov-14,11-Sep-15,Vrijdag,8880
09/12/15,25-Nov-14,12-Sep-15,Zaterdag,164
09/13/15,26-Nov-14,13-Sep-15,Zondag,1227
09/14/15,27-Nov-14,14-Sep-15,Maandag,10143
09/15/15,28-Nov-14,15-Sep-15,Dinsdag,9401
09/16/15,29-Nov-14,16-Sep-15,Woensdag,9847
09/17/15,30-Nov-14,17-Sep-15,Donderdag,8760
09/18/15,1-Dec-14,18-Sep-15,Vrijdag,8885
09/19/15,2-Dec-14,19-Sep-15,Zaterdag,148
09/20/15,3-Dec-14,20-Sep-15,Zondag,1369
09/21/15,4-Dec-14,21-Sep-15,Maandag,9308
09/22/15,5-Dec-14,22-Sep-15,Dinsdag,11453
09/23/15,6-Dec-14,23-Sep-15,Woensdag,11539
09/24/15,7-Dec-14,24-Sep-15,Donderdag,9986
09/25/15,8-Dec-14,25-Sep-15,Vrijdag,10695
09/26/15,9-Dec-14,26-Sep-15,Zaterdag,166
09/27/15,10-Dec-14,27-Sep-15,Zondag,1412
09/28/15,11-Dec-14,28-Sep-15,Maandag,12756
09/29/15,12-Dec-14,29-Sep-15,Dinsdag,8596
09/30/15,13-Dec-14,30-Sep-15,Woensdag,9314
10/01/15,14-Dec-14,1-Oct-15,Donderdag,8556
10/02/15,15-Dec-14,2-Oct-15,Vrijdag,8722
10/03/15,16-Dec-14,3-Oct-15,Zaterdag,161
10/04/15,17-Dec-14,4-Oct-15,Zondag,1237
10/05/15,18-Dec-14,5-Oct-15,Maandag,9932
10/06/15,19-Dec-14,6-Oct-15,Dinsdag,9811
10/07/15,20-Dec-14,7-Oct-15,Woensdag,9481
10/08/15,21-Dec-14,8-Oct-15,Donderdag,8509
10/09/15,22-Dec-14,9-Oct-15,Vrijdag,9466
10/10/15,23-Dec-14,10-Oct-15,Zaterdag,156
10/11/15,24-Dec-14,11-Oct-15,Zondag,1747
10/12/15,25-Dec-14,12-Oct-15,Maandag,10105
10/13/15,26-Dec-14,13-Oct-15,Dinsdag,11013
10/14/15,27-Dec-14,14-Oct-15,Woensdag,9853
10/15/15,28-Dec-14,15-Oct-15,Donderdag,8945
10/16/15,29-Dec-14,16-Oct-15,Vrijdag,9620
10/17/15,30-Dec-14,17-Oct-15,Zaterdag,157
10/18/15,31-Dec-14,18-Oct-15,Zondag,1506
10/19/15,1-Jan-15,19-Oct-15,Maandag,12623
10/20/15,2-Jan-15,20-Oct-15,Dinsdag,7764
10/21/15,3-Jan-15,21-Oct-15,Woensdag,8013
10/22/15,4-Jan-15,22-Oct-15,Donderdag,8380
10/23/15,5-Jan-15,23-Oct-15,Vrijdag,8499
10/24/15,6-Jan-15,24-Oct-15,Zaterdag,187
10/25/15,7-Jan-15,25-Oct-15,Zondag,1281
10/26/15,8-Jan-15,26-Oct-15,Maandag,11103
10/27/15,9-Jan-15,27-Oct-15,Dinsdag,8871
10/28/15,10-Jan-15,28-Oct-15,Woensdag,9505
10/29/15,11-Jan-15,29-Oct-15,Donderdag,10100
10/30/15,12-Jan-15,30-Oct-15,Vrijdag,10127
10/31/15,13-Jan-15,31-Oct-15,Zaterdag,206
11/01/15,14-Jan-15,1-Nov-15,Zondag,1445
11/02/15,15-Jan-15,2-Nov-15,Maandag,9211
11/03/15,16-Jan-15,3-Nov-15,Dinsdag,9681
11/04/15,17-Jan-15,4-Nov-15,Woensdag,9615
11/05/15,18-Jan-15,5-Nov-15,Donderdag,9451
11/06/15,19-Jan-15,6-Nov-15,Vrijdag,10416
11/07/15,20-Jan-15,7-Nov-15,Zaterdag,220
11/08/15,21-Jan-15,8-Nov-15,Zondag,1952
11/09/15,22-Jan-15,9-Nov-15,Maandag,11045
11/10/15,23-Jan-15,10-Nov-15,Dinsdag,9082
11/11/15,24-Jan-15,11-Nov-15,Woensdag,9504
11/12/15,25-Jan-15,12-Nov-15,Donderdag,9397
11/13/15,26-Jan-15,13-Nov-15,Vrijdag,9513
11/14/15,27-Jan-15,14-Nov-15,Zaterdag,128
11/15/15,28-Jan-15,15-Nov-15,Zondag,1990
11/16/15,29-Jan-15,16-Nov-15,Maandag,10991
11/17/15,30-Jan-15,17-Nov-15,Dinsdag,9365
11/18/15,31-Jan-15,18-Nov-15,Woensdag,10122
11/19/15,1-Feb-15,19-Nov-15,Donderdag,16759
11/20/15,2-Feb-15,20-Nov-15,Vrijdag,8485
11/21/15,3-Feb-15,21-Nov-15,Zaterdag,189
11/22/15,4-Feb-15,22-Nov-15,Zondag,1747
11/23/15,5-Feb-15,23-Nov-15,Maandag,11162
11/24/15,6-Feb-15,24-Nov-15,Dinsdag,11248
11/25/15,7-Feb-15,25-Nov-15,Woensdag,11355
11/26/15,8-Feb-15,26-Nov-15,Donderdag,10573
11/27/15,9-Feb-15,27-Nov-15,Vrijdag,10265
11/28/15,10-Feb-15,28-Nov-15,Zaterdag,152
11/29/15,11-Feb-15,29-Nov-15,Zondag,2627
11/30/15,12-Feb-15,30-Nov-15,Maandag,15834
12/01/15,13-Feb-15,1-Dec-15,Dinsdag,14062
12/02/15,14-Feb-15,2-Dec-15,Woensdag,14306
12/03/15,15-Feb-15,3-Dec-15,Donderdag,17706
12/04/15,16-Feb-15,4-Dec-15,Vrijdag,12821
12/05/15,17-Feb-15,5-Dec-15,Zaterdag,145
12/06/15,18-Feb-15,6-Dec-15,Zondag,5222
12/07/15,19-Feb-15,7-Dec-15,Maandag,22493
12/08/15,20-Feb-15,8-Dec-15,Dinsdag,23856
12/09/15,21-Feb-15,9-Dec-15,Woensdag,22725
12/10/15,22-Feb-15,10-Dec-15,Donderdag,26404
12/11/15,23-Feb-15,11-Dec-15,Vrijdag,24800
12/12/15,24-Feb-15,12-Dec-15,Zaterdag,182
12/13/15,25-Feb-15,13-Dec-15,Zondag,10951
12/14/15,26-Feb-15,14-Dec-15,Maandag,42819
12/15/15,27-Feb-15,15-Dec-15,Dinsdag,32798
12/16/15,28-Feb-15,16-Dec-15,Woensdag,40785
12/17/15,1-Mar-15,17-Dec-15,Donderdag,40854
12/18/15,2-Mar-15,18-Dec-15,Vrijdag,42000
12/19/15,3-Mar-15,19-Dec-15,Zaterdag,152
12/20/15,4-Mar-15,20-Dec-15,Zondag,10890
12/21/15,5-Mar-15,21-Dec-15,Maandag,52549
12/22/15,6-Mar-15,22-Dec-15,Dinsdag,48220
12/23/15,7-Mar-15,23-Dec-15,Woensdag,31514
12/24/15,8-Mar-15,24-Dec-15,Donderdag,77
12/25/15,9-Mar-15,25-Dec-15,Vrijdag,133
12/27/15,10-Mar-15,27-Dec-15,Zondag,2691
12/28/15,11-Mar-15,28-Dec-15,Maandag,13962
12/29/15,12-Mar-15,29-Dec-15,Dinsdag,14172
12/30/15,13-Mar-15,30-Dec-15,Woensdag,11794
12/31/15,14-Mar-15,31-Dec-15,Donderdag,3801
01/01/16,15-Mar-15,1-Jan-16,Vrijdag,63
01/02/16,16-Mar-15,2-Jan-16,Zaterdag,127
01/03/16,17-Mar-15,3-Jan-16,Zondag,2026
01/04/16,18-Mar-15,4-Jan-16,Maandag,11710
01/05/16,19-Mar-15,5-Jan-16,Dinsdag,10619
01/06/16,20-Mar-15,6-Jan-16,Woensdag,9689
01/07/16,21-Mar-15,7-Jan-16,Donderdag,9627
01/08/16,22-Mar-15,8-Jan-16,Vrijdag,8927
01/09/16,23-Mar-15,9-Jan-16,Zaterdag,207
01/10/16,24-Mar-15,10-Jan-16,Zondag,1680
01/11/16,25-Mar-15,11-Jan-16,Maandag,12093
01/12/16,26-Mar-15,12-Jan-16,Dinsdag,9755
01/13/16,27-Mar-15,13-Jan-16,Woensdag,9969
01/14/16,28-Mar-15,14-Jan-16,Donderdag,9558
01/15/16,29-Mar-15,15-Jan-16,Vrijdag,11152
01/16/16,30-Mar-15,16-Jan-16,Zaterdag,158
01/17/16,31-Mar-15,17-Jan-16,Zondag,1674
01/18/16,1-Apr-15,18-Jan-16,Maandag,11857
01/19/16,2-Apr-15,19-Jan-16,Dinsdag,9678
01/20/16,3-Apr-15,20-Jan-16,Woensdag,11027
01/21/16,4-Apr-15,21-Jan-16,Donderdag,10413
01/22/16,5-Apr-15,22-Jan-16,Vrijdag,11209
01/23/16,6-Apr-15,23-Jan-16,Zaterdag,236
01/24/16,7-Apr-15,24-Jan-16,Zondag,2114
01/25/16,8-Apr-15,25-Jan-16,Maandag,14036
01/26/16,9-Apr-15,26-Jan-16,Dinsdag,8977
01/27/16,10-Apr-15,27-Jan-16,Woensdag,9854
01/28/16,11-Apr-15,28-Jan-16,Donderdag,9739
01/29/16,12-Apr-15,29-Jan-16,Vrijdag,9548
01/30/16,13-Apr-15,30-Jan-16,Zaterdag,223
01/31/16,14-Apr-15,31-Jan-16,Zondag,1687
02/01/16,15-Apr-15,1-Feb-16,Maandag,10838
02/02/16,16-Apr-15,2-Feb-16,Dinsdag,9802
02/03/16,17-Apr-15,3-Feb-16,Woensdag,10132
02/04/16,18-Apr-15,4-Feb-16,Donderdag,9952
02/05/16,19-Apr-15,5-Feb-16,Vrijdag,9911
02/06/16,20-Apr-15,6-Feb-16,Zaterdag,190
02/07/16,21-Apr-15,7-Feb-16,Zondag,1570
02/08/16,22-Apr-15,8-Feb-16,Maandag,11165
02/09/16,23-Apr-15,9-Feb-16,Dinsdag,10627
02/10/16,24-Apr-15,10-Feb-16,Woensdag,11729
02/11/16,25-Apr-15,11-Feb-16,Donderdag,13428
02/12/16,26-Apr-15,12-Feb-16,Vrijdag,30654
02/13/16,27-Apr-15,13-Feb-16,Zaterdag,14242
02/14/16,28-Apr-15,14-Feb-16,Zondag,3438
02/15/16,29-Apr-15,15-Feb-16,Maandag,10778
02/16/16,30-Apr-15,16-Feb-16,Dinsdag,9282
02/17/16,1-May-15,17-Feb-16,Woensdag,9412
02/18/16,2-May-15,18-Feb-16,Donderdag,9604
02/19/16,3-May-15,19-Feb-16,Vrijdag,10039
02/20/16,4-May-15,20-Feb-16,Zaterdag,256
02/21/16,5-May-15,21-Feb-16,Zondag,1871
02/22/16,6-May-15,22-Feb-16,Maandag,10380
02/23/16,7-May-15,23-Feb-16,Dinsdag,11105
02/24/16,8-May-15,24-Feb-16,Woensdag,10724
02/25/16,9-May-15,25-Feb-16,Donderdag,9845
02/26/16,10-May-15,26-Feb-16,Vrijdag,10650
02/27/16,11-May-15,27-Feb-16,Zaterdag,229
02/28/16,12-May-15,28-Feb-16,Zondag,1433
02/29/16,13-May-15,29-Feb-16,Maandag,10384
03/01/16,14-May-15,1-Mar-16,Dinsdag,11011
03/02/16,15-May-15,2-Mar-16,Woensdag,10696
03/03/16,16-May-15,3-Mar-16,Donderdag,8977
03/04/16,17-May-15,4-Mar-16,Vrijdag,11635
03/05/16,18-May-15,5-Mar-16,Zaterdag,329
03/06/16,19-May-15,6-Mar-16,Zondag,1687
03/07/16,20-May-15,7-Mar-16,Maandag,19954
03/08/16,21-May-15,8-Mar-16,Dinsdag,10275
03/09/16,22-May-15,9-Mar-16,Woensdag,11280
03/10/16,23-May-15,10-Mar-16,Donderdag,9402
03/11/16,24-May-15,11-Mar-16,Vrijdag,10657
03/12/16,25-May-15,12-Mar-16,Zaterdag,374
03/13/16,26-May-15,13-Mar-16,Zondag,2070
03/14/16,27-May-15,14-Mar-16,Maandag,12069
03/15/16,28-May-15,15-Mar-16,Dinsdag,10803
03/16/16,29-May-15,16-Mar-16,Woensdag,10357
03/17/16,30-May-15,17-Mar-16,Donderdag,9408
03/18/16,31-May-15,18-Mar-16,Vrijdag,11539
03/19/16,1-Jun-15,19-Mar-16,Zaterdag,349
03/20/16,2-Jun-15,20-Mar-16,Zondag,2100
03/21/16,3-Jun-15,21-Mar-16,Maandag,12544
03/22/16,4-Jun-15,22-Mar-16,Dinsdag,9232
03/23/16,5-Jun-15,23-Mar-16,Woensdag,10610
03/24/16,6-Jun-15,24-Mar-16,Donderdag,10910
03/25/16,7-Jun-15,25-Mar-16,Vrijdag,11825
03/28/16,8-Jun-15,28-Mar-16,Maandag,7840
03/29/16,9-Jun-15,29-Mar-16,Dinsdag,12315
03/30/16,10-Jun-15,30-Mar-16,Woensdag,11646
03/31/16,11-Jun-15,31-Mar-16,Donderdag,11878
04/01/16,12-Jun-15,1-Apr-16,Vrijdag,11420
04/02/16,13-Jun-15,2-Apr-16,Zaterdag,282
04/03/16,14-Jun-15,3-Apr-16,Zondag,1780
04/04/16,15-Jun-15,4-Apr-16,Maandag,11299
04/05/16,16-Jun-15,5-Apr-16,Dinsdag,10489
04/06/16,17-Jun-15,6-Apr-16,Woensdag,10377
04/07/16,18-Jun-15,7-Apr-16,Donderdag,10225
04/08/16,19-Jun-15,8-Apr-16,Vrijdag,10779
04/09/16,20-Jun-15,9-Apr-16,Zaterdag,264
04/10/16,21-Jun-15,10-Apr-16,Zondag,1707
04/11/16,22-Jun-15,11-Apr-16,Maandag,10415
04/12/16,23-Jun-15,12-Apr-16,Dinsdag,9214
04/13/16,24-Jun-15,13-Apr-16,Woensdag,9835
04/14/16,25-Jun-15,14-Apr-16,Donderdag,9186
04/15/16,26-Jun-15,15-Apr-16,Vrijdag,11131
04/16/16,27-Jun-15,16-Apr-16,Zaterdag,284
04/17/16,28-Jun-15,17-Apr-16,Zondag,1778
04/18/16,29-Jun-15,18-Apr-16,Maandag,12775
04/19/16,30-Jun-15,19-Apr-16,Dinsdag,10462
04/20/16,1-Jul-15,20-Apr-16,Woensdag,9868
04/21/16,2-Jul-15,21-Apr-16,Donderdag,12786
04/22/16,3-Jul-15,22-Apr-16,Vrijdag,9767
04/23/16,4-Jul-15,23-Apr-16,Zaterdag,272
04/24/16,5-Jul-15,24-Apr-16,Zondag,1796
04/25/16,6-Jul-15,25-Apr-16,Maandag,11453
04/26/16,7-Jul-15,26-Apr-16,Dinsdag,8050
04/27/16,8-Jul-15,27-Apr-16,Woensdag,57
04/28/16,9-Jul-15,28-Apr-16,Donderdag,10664
04/29/16,10-Jul-15,29-Apr-16,Vrijdag,11487
04/30/16,11-Jul-15,30-Apr-16,Zaterdag,323
05/01/16,12-Jul-15,1-May-16,Zondag,2183
05/02/16,13-Jul-15,2-May-16,Maandag,11385
05/03/16,14-Jul-15,3-May-16,Dinsdag,11417
05/04/16,15-Jul-15,4-May-16,Woensdag,634
05/05/16,16-Jul-15,5-May-16,Donderdag,5958
05/06/16,17-Jul-15,6-May-16,Vrijdag,21217
05/07/16,18-Jul-15,7-May-16,Zaterdag,17232
05/08/16,19-Jul-15,8-May-16,Zondag,3695
05/09/16,20-Jul-15,9-May-16,Maandag,9739
05/10/16,21-Jul-15,10-May-16,Dinsdag,12320
05/11/16,22-Jul-15,11-May-16,Woensdag,11540
05/12/16,23-Jul-15,12-May-16,Donderdag,9572
05/13/16,24-Jul-15,13-May-16,Vrijdag,10574
05/16/16,25-Jul-15,16-May-16,Maandag,8874
05/17/16,26-Jul-15,17-May-16,Dinsdag,10154
05/18/16,27-Jul-15,18-May-16,Woensdag,10959
05/19/16,28-Jul-15,19-May-16,Donderdag,10256
05/20/16,29-Jul-15,20-May-16,Vrijdag,11442
05/21/16,30-Jul-15,21-May-16,Zaterdag,384
05/22/16,31-Jul-15,22-May-16,Zondag,1918
05/23/16,1-Aug-15,23-May-16,Maandag,12866
05/24/16,2-Aug-15,24-May-16,Dinsdag,10681
05/25/16,3-Aug-15,25-May-16,Woensdag,10901
05/26/16,4-Aug-15,26-May-16,Donderdag,11295
05/27/16,5-Aug-15,27-May-16,Vrijdag,10743
05/28/16,6-Aug-15,28-May-16,Zaterdag,304
05/29/16,7-Aug-15,29-May-16,Zondag,1934
05/30/16,8-Aug-15,30-May-16,Maandag,12019
05/31/16,9-Aug-15,31-May-16,Dinsdag,10540
06/01/16,10-Aug-15,1-Jun-16,Woensdag,11649
06/02/16,11-Aug-15,2-Jun-16,Donderdag,10715
06/03/16,12-Aug-15,3-Jun-16,Vrijdag,11166
06/04/16,13-Aug-15,4-Jun-16,Zaterdag,297
06/05/16,14-Aug-15,5-Jun-16,Zondag,1689
06/06/16,15-Aug-15,6-Jun-16,Maandag,11890
06/07/16,16-Aug-15,7-Jun-16,Dinsdag,11073
06/08/16,17-Aug-15,8-Jun-16,Woensdag,11768
06/09/16,18-Aug-15,9-Jun-16,Donderdag,10612
06/10/16,19-Aug-15,10-Jun-16,Vrijdag,11366
06/11/16,20-Aug-15,11-Jun-16,Zaterdag,398
06/12/16,21-Aug-15,12-Jun-16,Zondag,1780
06/13/16,22-Aug-15,13-Jun-16,Maandag,11563
06/14/16,23-Aug-15,14-Jun-16,Dinsdag,11498
06/15/16,24-Aug-15,15-Jun-16,Woensdag,12438
06/16/16,25-Aug-15,16-Jun-16,Donderdag,20217
06/17/16,26-Aug-15,17-Jun-16,Vrijdag,21317
06/18/16,27-Aug-15,18-Jun-16,Zaterdag,7106
06/19/16,28-Aug-15,19-Jun-16,Zondag,2578
06/20/16,29-Aug-15,20-Jun-16,Maandag,13567
06/21/16,30-Aug-15,21-Jun-16,Dinsdag,11316
06/22/16,31-Aug-15,22-Jun-16,Woensdag,10768
06/23/16,1-Sep-15,23-Jun-16,Donderdag,8976
06/24/16,2-Sep-15,24-Jun-16,Vrijdag,10791
06/25/16,3-Sep-15,25-Jun-16,Zaterdag,379
06/26/16,4-Sep-15,26-Jun-16,Zondag,2118
06/27/16,5-Sep-15,27-Jun-16,Maandag,12225
06/28/16,6-Sep-15,28-Jun-16,Dinsdag,10957
06/29/16,7-Sep-15,29-Jun-16,Woensdag,11705
06/30/16,8-Sep-15,30-Jun-16,Donderdag,12345
07/01/16,9-Sep-15,1-Jul-16,Vrijdag,13574
07/02/16,10-Sep-15,2-Jul-16,Zaterdag,376
07/03/16,11-Sep-15,3-Jul-16,Zondag,1877
07/04/16,12-Sep-15,4-Jul-16,Maandag,10668
07/05/16,13-Sep-15,5-Jul-16,Dinsdag,11795
07/06/16,14-Sep-15,6-Jul-16,Woensdag,10335
07/07/16,15-Sep-15,7-Jul-16,Donderdag,10046
07/08/16,16-Sep-15,8-Jul-16,Vrijdag,11110
07/09/16,17-Sep-15,9-Jul-16,Zaterdag,297
07/10/16,18-Sep-15,10-Jul-16,Zondag,1717
07/11/16,19-Sep-15,11-Jul-16,Maandag,11865
07/12/16,20-Sep-15,12-Jul-16,Dinsdag,10554
07/13/16,21-Sep-15,13-Jul-16,Woensdag,10475
07/14/16,22-Sep-15,14-Jul-16,Donderdag,10021
07/15/16,23-Sep-15,15-Jul-16,Vrijdag,9486
07/16/16,24-Sep-15,16-Jul-16,Zaterdag,251
07/17/16,25-Sep-15,17-Jul-16,Zondag,1579
07/18/16,26-Sep-15,18-Jul-16,Maandag,9776
07/19/16,27-Sep-15,19-Jul-16,Dinsdag,8666
07/20/16,28-Sep-15,20-Jul-16,Woensdag,8219
07/21/16,29-Sep-15,21-Jul-16,Donderdag,10682
07/22/16,30-Sep-15,22-Jul-16,Vrijdag,9265
07/23/16,1-Oct-15,23-Jul-16,Zaterdag,282
07/24/16,2-Oct-15,24-Jul-16,Zondag,1428
07/25/16,3-Oct-15,25-Jul-16,Maandag,9928
07/26/16,4-Oct-15,26-Jul-16,Dinsdag,8945
07/27/16,5-Oct-15,27-Jul-16,Woensdag,9446
07/28/16,6-Oct-15,28-Jul-16,Donderdag,8508
07/29/16,7-Oct-15,29-Jul-16,Vrijdag,9088
07/30/16,8-Oct-15,30-Jul-16,Zaterdag,261
07/31/16,9-Oct-15,31-Jul-16,Zondag,1358
08/01/16,10-Oct-15,1-Aug-16,Maandag,11583
08/02/16,11-Oct-15,2-Aug-16,Dinsdag,10608
08/03/16,12-Oct-15,3-Aug-16,Woensdag,10016
08/04/16,13-Oct-15,4-Aug-16,Donderdag,11559
08/05/16,14-Oct-15,5-Aug-16,Vrijdag,8521
08/06/16,15-Oct-15,6-Aug-16,Zaterdag,252
08/07/16,16-Oct-15,7-Aug-16,Zondag,1262
08/08/16,17-Oct-15,8-Aug-16,Maandag,9174
08/09/16,18-Oct-15,9-Aug-16,Dinsdag,8563
08/10/16,19-Oct-15,10-Aug-16,Woensdag,8396
08/11/16,20-Oct-15,11-Aug-16,Donderdag,8790
08/12/16,21-Oct-15,12-Aug-16,Vrijdag,9416
08/13/16,22-Oct-15,13-Aug-16,Zaterdag,305
08/14/16,23-Oct-15,14-Aug-16,Zondag,1770
08/15/16,24-Oct-15,15-Aug-16,Maandag,9892
08/16/16,25-Oct-15,16-Aug-16,Dinsdag,8823
08/17/16,26-Oct-15,17-Aug-16,Woensdag,8882
08/18/16,27-Oct-15,18-Aug-16,Donderdag,8890
08/19/16,28-Oct-15,19-Aug-16,Vrijdag,10756
08/20/16,29-Oct-15,20-Aug-16,Zaterdag,366
08/21/16,30-Oct-15,21-Aug-16,Zondag,2327
08/22/16,31-Oct-15,22-Aug-16,Maandag,12497
08/23/16,1-Nov-15,23-Aug-16,Dinsdag,9833
08/24/16,2-Nov-15,24-Aug-16,Woensdag,9585
08/25/16,3-Nov-15,25-Aug-16,Donderdag,9884
08/26/16,4-Nov-15,26-Aug-16,Vrijdag,10764
08/27/16,5-Nov-15,27-Aug-16,Zaterdag,448
08/28/16,6-Nov-15,28-Aug-16,Zondag,2407
08/29/16,7-Nov-15,29-Aug-16,Maandag,12955
08/30/16,8-Nov-15,30-Aug-16,Dinsdag,10122
08/31/16,9-Nov-15,31-Aug-16,Woensdag,11573
09/01/16,10-Nov-15,1-Sep-16,Donderdag,10941
09/02/16,11-Nov-15,2-Sep-16,Vrijdag,11204
09/03/16,12-Nov-15,3-Sep-16,Zaterdag,365
09/04/16,13-Nov-15,4-Sep-16,Zondag,1792
09/05/16,14-Nov-15,5-Sep-16,Maandag,12802
09/06/16,15-Nov-15,6-Sep-16,Dinsdag,10816
09/07/16,16-Nov-15,7-Sep-16,Woensdag,8477
09/08/16,17-Nov-15,8-Sep-16,Donderdag,9704
09/09/16,18-Nov-15,9-Sep-16,Vrijdag,14086
09/11/16,19-Nov-15,11-Sep-16,Zondag,1722
09/12/16,20-Nov-15,12-Sep-16,Maandag,10947
09/13/16,21-Nov-15,13-Sep-16,Dinsdag,9124
09/14/16,22-Nov-15,14-Sep-16,Woensdag,9582
09/15/16,23-Nov-15,15-Sep-16,Donderdag,9917
09/16/16,24-Nov-15,16-Sep-16,Vrijdag,11478
09/17/16,25-Nov-15,17-Sep-16,Zaterdag,418
09/18/16,26-Nov-15,18-Sep-16,Zondag,2001
09/19/16,27-Nov-15,19-Sep-16,Maandag,11880
09/20/16,28-Nov-15,20-Sep-16,Dinsdag,11609
09/21/16,29-Nov-15,21-Sep-16,Woensdag,11168
09/22/16,30-Nov-15,22-Sep-16,Donderdag,10651
09/23/16,1-Dec-15,23-Sep-16,Vrijdag,11419
09/24/16,2-Dec-15,24-Sep-16,Zaterdag,446
09/25/16,3-Dec-15,25-Sep-16,Zondag,2353
09/26/16,4-Dec-15,26-Sep-16,Maandag,13003
09/27/16,5-Dec-15,27-Sep-16,Dinsdag,10765
09/28/16,6-Dec-15,28-Sep-16,Woensdag,10686
09/29/16,7-Dec-15,29-Sep-16,Donderdag,15160
09/30/16,8-Dec-15,30-Sep-16,Vrijdag,11690
10/01/16,9-Dec-15,1-Oct-16,Zaterdag,388
10/02/16,10-Dec-15,2-Oct-16,Zondag,2021
10/03/16,11-Dec-15,3-Oct-16,Maandag,11364
10/04/16,12-Dec-15,4-Oct-16,Dinsdag,11573
10/05/16,13-Dec-15,5-Oct-16,Woensdag,10805
10/06/16,14-Dec-15,6-Oct-16,Donderdag,10044
10/07/16,15-Dec-15,7-Oct-16,Vrijdag,11884
10/08/16,16-Dec-15,8-Oct-16,Zaterdag,363
10/09/16,17-Dec-15,9-Oct-16,Zondag,2098
10/10/16,18-Dec-15,10-Oct-16,Maandag,12698
10/11/16,19-Dec-15,11-Oct-16,Dinsdag,11758
10/12/16,20-Dec-15,12-Oct-16,Woensdag,11962
10/13/16,21-Dec-15,13-Oct-16,Donderdag,10814
10/14/16,22-Dec-15,14-Oct-16,Vrijdag,13811
10/15/16,23-Dec-15,15-Oct-16,Zaterdag,401
10/16/16,24-Dec-15,16-Oct-16,Zondag,1725
10/17/16,25-Dec-15,17-Oct-16,Maandag,10421
10/18/16,26-Dec-15,18-Oct-16,Dinsdag,9342
10/19/16,27-Dec-15,19-Oct-16,Woensdag,9630
10/20/16,28-Dec-15,20-Oct-16,Donderdag,9537
10/21/16,29-Dec-15,21-Oct-16,Vrijdag,9868
10/22/16,30-Dec-15,22-Oct-16,Zaterdag,443
10/23/16,31-Dec-15,23-Oct-16,Zondag,1781
10/24/16,1-Jan-16,24-Oct-16,Maandag,11383
10/25/16,2-Jan-16,25-Oct-16,Dinsdag,11020
10/26/16,3-Jan-16,26-Oct-16,Woensdag,10600
10/27/16,4-Jan-16,27-Oct-16,Donderdag,11515
10/28/16,5-Jan-16,28-Oct-16,Vrijdag,10254
10/29/16,6-Jan-16,29-Oct-16,Zaterdag,416
10/30/16,7-Jan-16,30-Oct-16,Zondag,1952
10/31/16,8-Jan-16,31-Oct-16,Maandag,18122
11/01/16,9-Jan-16,1-Nov-16,Dinsdag,10073
11/02/16,10-Jan-16,2-Nov-16,Woensdag,10551
11/03/16,11-Jan-16,3-Nov-16,Donderdag,9464
11/04/16,12-Jan-16,4-Nov-16,Vrijdag,10223
11/05/16,13-Jan-16,5-Nov-16,Zaterdag,389
11/06/16,14-Jan-16,6-Nov-16,Zondag,1940
11/07/16,15-Jan-16,7-Nov-16,Maandag,13009
11/08/16,16-Jan-16,8-Nov-16,Dinsdag,10668
11/09/16,17-Jan-16,9-Nov-16,Woensdag,10560
11/10/16,18-Jan-16,10-Nov-16,Donderdag,9987
11/11/16,19-Jan-16,11-Nov-16,Vrijdag,11973
11/12/16,20-Jan-16,12-Nov-16,Zaterdag,313
11/13/16,21-Jan-16,13-Nov-16,Zondag,2169
11/14/16,22-Jan-16,14-Nov-16,Maandag,11054
11/15/16,23-Jan-16,15-Nov-16,Dinsdag,11005
11/16/16,24-Jan-16,16-Nov-16,Woensdag,10861
11/17/16,25-Jan-16,17-Nov-16,Donderdag,10519
11/18/16,26-Jan-16,18-Nov-16,Vrijdag,10233
11/19/16,27-Jan-16,19-Nov-16,Zaterdag,305
11/20/16,28-Jan-16,20-Nov-16,Zondag,2287
11/21/16,29-Jan-16,21-Nov-16,Maandag,14830
11/22/16,30-Jan-16,22-Nov-16,Dinsdag,12984
11/23/16,31-Jan-16,23-Nov-16,Woensdag,12519
11/24/16,1-Feb-16,24-Nov-16,Donderdag,13559
11/25/16,2-Feb-16,25-Nov-16,Vrijdag,11747
11/26/16,3-Feb-16,26-Nov-16,Zaterdag,377
11/27/16,4-Feb-16,27-Nov-16,Zondag,2894
11/28/16,5-Feb-16,28-Nov-16,Maandag,16896
11/29/16,6-Feb-16,29-Nov-16,Dinsdag,14498
11/30/16,7-Feb-16,30-Nov-16,Woensdag,16198
12/01/16,8-Feb-16,1-Dec-16,Donderdag,15353
12/02/16,9-Feb-16,2-Dec-16,Vrijdag,15008
12/03/16,10-Feb-16,3-Dec-16,Zaterdag,358
12/04/16,11-Feb-16,4-Dec-16,Zondag,4848
12/05/16,12-Feb-16,5-Dec-16,Maandag,19297
12/06/16,13-Feb-16,6-Dec-16,Dinsdag,27176
12/07/16,14-Feb-16,7-Dec-16,Woensdag,31968
12/08/16,15-Feb-16,8-Dec-16,Donderdag,26696
12/09/16,16-Feb-16,9-Dec-16,Vrijdag,23571
12/10/16,17-Feb-16,10-Dec-16,Zaterdag,318
12/11/16,18-Feb-16,11-Dec-16,Zondag,9521
12/12/16,19-Feb-16,12-Dec-16,Maandag,42524
12/13/16,20-Feb-16,13-Dec-16,Dinsdag,39555
12/14/16,21-Feb-16,14-Dec-16,Woensdag,42349
12/15/16,22-Feb-16,15-Dec-16,Donderdag,53455
12/16/16,23-Feb-16,16-Dec-16,Vrijdag,37693
12/17/16,24-Feb-16,17-Dec-16,Zaterdag,296
12/18/16,25-Feb-16,18-Dec-16,Zondag,15611
12/19/16,26-Feb-16,19-Dec-16,Maandag,54307
12/20/16,27-Feb-16,20-Dec-16,Dinsdag,50065
12/21/16,28-Feb-16,21-Dec-16,Woensdag,45002
12/22/16,29-Feb-16,22-Dec-16,Donderdag,42635
12/23/16,1-Mar-16,23-Dec-16,Vrijdag,25931
12/26/16,2-Mar-16,26-Dec-16,Maandag,7601
12/27/16,3-Mar-16,27-Dec-16,Dinsdag,14375
12/28/16,4-Mar-16,28-Dec-16,Woensdag,16476
12/29/16,5-Mar-16,29-Dec-16,Donderdag,15351
12/30/16,6-Mar-16,30-Dec-16,Vrijdag,12540
